	label	index1	value1	index2	value2	index3	value3	index4	value4	index5	value5	index6	value6	index7	value7	index8	value8
0	-1	1	0.82344	2	0.151015	3	0.371463	4	0.739179	5	0.521662	6	0.181503	7	0.304412	8.0	0.664263
1	-1	1	0.862775	2	0.908975	3	0.4566	4	0.43232	5	0.595425	6	0.225958	7	0.268704	8.0	0.738061
2	-1	1	0.80697	2	0.151015	3	0.117076	4	0.35063	5	0.669115	6	0.375613	7	0.0874905	8.0	0.774586
3	-1	1	0.8391	2	0.895573	3	0.110854	4	0.724869	5	0.454829	6	0.254314	7	0.302913	8.0	0.716048
4	-1	1	0.834618	2	0.882066	3	0.287209	4	0.282103	5	0.764761	6	0.319583	7	0.381718	8.0	0.677109
5	-1	1	0.860096	2	0.882066	3	0.23291	4	0.405593	5	0.656022	6	0.283122	7	0.366408	8.0	0.66263
6	-1	1	0.806572	2	0.171555	3	0.223678	4	0.374124	5	0.67027	6	0.225958	7	0.268704	8.0	0.725879
7	-1	1	0.692181	2	0.0878964	3	0.812912	4	0.829121	5	0.197331	6	0.247871	7	0.339176	8.0	0.604148
8	1	1	0.899378	2	0.882066	3	0.423673	4	0.0905035	5	0.856964	6	0.40185	7	0.0498035	8.0	0.879221
9	-1	1	0.851445	2	0.882066	3	0.309978	4	0.363878	5	0.641647	6	0.325082	7	0.274407	8.0	0.716048
10	-1	1	0.781737	2	0.191855	3	0.206411	4	0.281749	5	0.772349	6	0.218552	7	0.259772	8.0	0.71241
11	-1	1	0.887707	2	0.908975	3	0.300114	4	0.110173	5	0.777062	6	0.296206	7	0.353483	8.0	0.646592
12	-1	1	0.842829	2	0.895573	3	0.40621	4	0.372874	5	0.557839	6	0.254314	7	0.302913	8.0	0.716048
13	1	1	0.929592	2	0.882066	3	0.242203	4	0.151601	5	0.780012	6	0.306908	7	0.251447	8.0	0.755608
14	1	1	0.937686	2	0.908975	3	0.32959	4	0.125301	5	0.780012	6	0.27281	7	0.353483	8.0	0.646592
15	-1	1	0.545112	2	0.0663361	3	0.398528	4	0.597531	5	0.607547	6	0.743742	7	0.55894	8.0	0.484891
16	1	1	0.901398	2	0.895573	3	0.428366	4	0.425915	5	0.58791	6	0.301513	7	0.331406	8.0	0.623756
17	1	1	0.924768	2	0.908975	3	0.300114	4	0.352079	5	0.686299	6	0.319583	7	0.381718	8.0	0.677109
18	-1	1	0.884798	2	0.908975	3	0.242203	4	0.151601	5	0.780012	6	0.249392	7	0.296974	8.0	0.677109
19	-1	1	0.745971	2	0.191855	3	0.177434	4	0.459023	5	0.738861	6	0.255556	7	0.349023	8.0	0.71241
20	1	1	0.857364	2	0.191855	3	0.38088	4	0.448621	5	0.630843	6	0.0700592	7	0.259772	8.0	0.856478
21	-1	1	0.869759	2	0.882066	3	0.446382	4	0.309385	5	0.672443	6	0.249392	7	0.296974	8.0	0.677109
22	1	1	0.906902	2	0.908975	3	0.344869	4	0.325287	5	0.716565	6	0.389603	7	0.353483	8.0	0.5549
23	1	1	0.913853	2	0.882066	3	0.344869	4	0.459023	5	0.56511	6	0.235494	7	0.30895	8.0	0.693646
24	-1	1	0.841906	2	0.895573	3	0.327574	4	0.384919	5	0.633621	6	0.296206	7	0.466358	8.0	0.5549
25	-1	1	0.788264	2	0.191855	3	0.318962	4	0.543208	5	0.547551	6	0.277652	7	0.135966	8.0	0.836642
26	1	1	0.874225	2	0.151015	3	0.071043	4	0.247614	5	0.929672	6	0.233561	7	0.323707	8.0	0.789055
27	-1	1	0.868746	2	0.895573	3	0.0954423	4	0.633729	5	0.538572	6	0.230687	7	0.245887	8.0	0.808114
28	-1	1	0.766084	2	0.171555	3	0.31116	4	0.53174	5	0.441745	6	0.225958	7	0.4043	8.0	0.579374
29	-1	1	0.90019	2	0.908975	3	0.273094	4	0.133127	5	0.768067	6	0.27281	7	0.183819	8.0	0.646592
30	-1	1	0.797934	2	0.922274	3	0.131083	4	0.911717	5	0.357221	6	0.337345	7	0.40318	8.0	0.608479
31	1	1	0.922033	2	0.882066	3	0.344869	4	0.325287	5	0.716565	6	0.187786	7	0.193895	8.0	0.848354
32	-1	1	0.791859	2	0.151015	3	0.262587	4	0.35063	5	0.767254	6	0.168189	7	0.329582	8.0	0.780204
33	-1	1	0.771844	2	0.171555	3	0.434273	4	0.255531	5	0.607547	6	0.255556	7	0.393605	8.0	0.567783
34	1	1	0.86644	2	0.191855	3	0.318962	4	0.332339	5	0.738861	6	0.292513	7	0.304412	8.0	0.760495
35	-1	1	0.41329	2	0.0878964	3	0.925242	4	0.425171	5	0.300271	6	0.312392	7	0.242597	8.0	0.733376
36	-1	1	0.76447	2	0.191855	3	0.671181	4	0.794473	5	0.163438	6	0.0595599	7	0.242597	8.0	0.920333
37	-1	1	0.873736	2	0.882066	3	0.361874	4	0.425915	5	0.557839	6	0.211648	7	0.222679	8.0	0.817465
38	-1	1	0.851732	2	0.882066	3	0.309978	4	0.254802	5	0.764761	6	0.314176	7	0.375187	8.0	0.608479
39	-1	1	0.865663	2	0.868454	3	0.42969	4	0.424783	5	0.494321	6	0.277922	7	0.16026	8.0	0.777452
40	-1	1	0.850867	2	0.895573	3	0.395224	4	0.438827	5	0.572496	6	0.207037	7	0.188817	8.0	0.808114
41	-1	1	0.825888	2	0.191855	3	0.248242	4	0.332339	5	0.738861	6	0.168189	7	0.329582	8.0	0.780204
42	-1	1	0.753202	2	0.191855	3	0.354287	4	0.374621	5	0.547551	6	0.255556	7	0.393605	8.0	0.567783
43	-1	1	0.78735	2	0.882066	3	0.469084	4	0.769717	5	0.240093	6	0.301513	7	0.274407	8.0	0.716048
44	1	1	0.941487	2	0.895573	3	0.372681	4	0.384919	5	0.603067	6	0.249392	7	0.296974	8.0	0.677109
45	-1	1	0.894828	2	0.908975	3	0.290571	4	0.102652	5	0.759216	6	0.319583	7	0.268704	8.0	0.677109
46	-1	1	0.781737	2	0.171555	3	0.248242	4	0.543208	5	0.547551	7	0.494551	8	0.725879		
47	-1	1	0.768206	2	0.151015	3	0.219459	4	0.512366	5	0.559044	6	0.0811229	7	0.323707	8.0	0.690294
48	1	1	0.883662	2	0.770054	3	0.230871	4	0.560782	5	0.578892	6	0.319583	7	0.325236	8.0	0.616054
49	-1	1	0.828633	2	0.895573	3	0.395224	4	0.438827	5	0.572496	6	0.337345	7	0.40318	8.0	0.578159
50	1	1	0.841597	2	0.211919	3	0.276266	4	0.406982	5	0.678042	6	0.284781	7	0.418475	8.0	0.552054
51	-1	1	0.759513	2	0.191855	3	0.389589	4	0.374621	5	0.547551	6	0.255556	7	0.393605	8.0	0.567783
52	-1	1	0.79878	2	0.191855	3	0.0965237	4	0.232381	5	0.944331	6	0.218552	7	0.259772	8.0	0.856478
53	1	1	0.84824	2	0.191855	3	0.354287	4	0.374621	5	0.547551	6	0.12649	7	0.348498	8.0	0.691458
54	1	1	0.849414	2	0.171555	3	0.234634	4	0.479548	5	0.572107	6	0.188422	7	0.223446	8.0	0.774586
55	-1	1	0.865663	2	0.895573	3	0.259839	4	0.0868138	5	0.786208	6	0.230687	7	0.188817	8.0	0.808114
56	1	1	0.888149	2	0.868454	3	0.322496	4	0.0291398	5	0.777062	6	0.168189	7	0.373032	8.0	0.7646
57	1	1	0.841597	2	0.191855	3	0.389589	4	0.374621	5	0.547551	6	0.245355	7	0.253099	8.0	0.71075
58	1	1	0.75782	2	0.109192	3	0.354287	4	0.374621	5	0.547551	6	0.790853	7	0.85997	8.0	0.154963
59	-1	1	0.728868	2	0.151015	3	0.768827	4	0.480659	5	0.373909	6	0.300884	7	0.268704	8.0	0.823234
60	1	1	0.854858	2	0.151015	3	0.206411	4	0.281749	5	0.772349	6	0.233561	7	0.277875	8.0	0.789055
61	1	1	0.817676	2	0.191855	3	0.25532	4	0.487275	5	0.541917	6	0.181503	7	0.438158	8.0	0.616054
62	-1	1	0.81841	2	0.922274	3	0.40621	4	0.372874	5	0.557839	6	0.337345	7	0.40318	8.0	0.578159
63	-1	1	0.878078	2	0.908975	3	0.23291	4	0.325287	5	0.746821	6	0.296206	7	0.240422	8.0	0.768503
64	-1	1	0.850578	2	0.908975	3	0.322496	4	0.405593	5	0.625728	6	0.436189	7	0.550894	8.0	0.432296
65	-1	1	0.76447	2	0.171555	3	0.219459	4	0.469697	5	0.656022	6	0.263444	7	0.0421098	8.0	0.871815
66	-1	1	0.825193	2	0.882066	3	0.309978	4	0.282103	5	0.734004	6	0.389603	7	0.325236	8.0	0.585491
67	1	1	0.914584	2	0.882066	3	0.309978	4	0.309385	5	0.734004	6	0.225958	7	0.353483	8.0	0.677109
68	1	1	0.902198	2	0.854733	3	0.273861	4	0.292925	5	0.689431	6	0.325082	7	0.388361	8.0	0.623756
69	-1	1	0.825888	2	0.784457	3	0.202003	4	0.495073	5	0.603616	6	0.330672	7	0.280206	8.0	0.72464
70	1	1	0.895666	2	0.854733	3	0.273861	4	0.292925	5	0.689431	6	0.296206	7	0.466358	8.0	0.5549
71	-1	1	0.758387	2	0.171555	3	0.248242	4	0.459023	5	0.643268	6	0.225958	7	0.4043	8.0	0.579374
72	1	1	0.895038	2	0.895573	3	0.273094	4	0.133127	5	0.768067	6	0.489533	7	0.41682	8.0	0.500343
73	-1	1	0.799201	2	0.191855	3	0.248242	4	0.290002	5	0.69108	6	0.350724	7	0.794526	8.0	0.309291
74	1	1	0.863832	2	0.171555	3	0.25532	4	0.384199	5	0.752868	6	0.225958	7	0.359132	8.0	0.774586
75	1	1	0.897535	2	0.908975	3	0.322496	4	0.325287	5	0.80729	6	0.296206	7	0.240422	8.0	0.768503
76	-1	1	0.833966	2	0.895573	3	0.350132	4	0.303886	5	0.694694	6	0.170559	7	0.257576	8.0	0.721086
77	-1	1	0.795795	2	0.364596	3	0.19202	4	0.449601	5	0.627513	6	0.192839	7	0.46802	8.0	0.518881
78	-1	1	0.860905	2	0.895573	3	0.27772	4	0.352079	5	0.656022	6	0.207037	7	0.188817	8.0	0.808114
79	-1	1	0.80697	2	0.231755	3	0.267538	4	0.276522	5	0.636747	6	0.312392	7	0.329582	8.0	0.686492
80	-1	1	0.85901	2	0.895573	3	0.350132	4	0.384919	5	0.633621	6	0.221493	7	0.155502	8.0	0.862565
81	-1	1	0.834943	2	0.882066	3	0.309978	4	0.363878	5	0.641647	6	0.239791	7	0.28539	8.0	0.84076
82	1	1	0.913853	2	0.882066	3	0.322496	4	0.0291398	5	0.777062	6	0.283122	7	0.251447	8.0	0.786548
83	-1	1	0.847055	2	0.895573	3	0.0859277	4	0.690689	5	0.536737	6	0.277922	7	0.188817	8.0	0.838752
84	-1	1	0.801288	2	0.191855	3	0.318962	4	0.332339	5	0.595425	6	0.159685	7	0.388361	8.0	0.691458
85	-1	1	0.812427	2	0.191855	3	0.318962	4	0.247614	5	0.643268	6	0.49326	7	0.399681	8.0	0.574368
86	1	1	0.912379	2	0.882066	3	0.332737	4	0.336641	5	0.641647	6	0.436189	7	0.325236	8.0	0.585491
87	1	1	0.891205	2	0.882066	3	0.287209	4	0.282103	5	0.764761	6	0.389603	7	0.240422	8.0	0.677109
88	1	1	0.778843	2	0.109192	3	0.834773	4	0.768969	5	0.139364	6	0.12649	7	0.348498	8.0	0.691458
89	1	1	0.799201	2	0.171555	3	0.0397957	4	0.512366	5	0.704461	6	0.33445	7	0.78347	8.0	0.365251
90	-1	1	0.66048	2	0.171555	3	0.38088	4	0.365291	5	0.536355	6	0.783189	7	0.449439	8.0	0.383143
91	-1	1	0.806172	2	0.895573	3	0.485292	4	0.438827	5	0.419468	6	0.319583	7	0.438158	8.0	0.585491
92	-1	1	0.77933	2	0.191855	3	0.223678	4	0.374124	5	0.67027	6	0.366283	7	0.349023	8.0	0.567783
93	-1	1	0.805772	2	0.171555	3	0.57701	4	0.724869	5	0.316041	6	0.375613	7	0.0874905	8.0	0.774586
94	1	1	0.811275	2	0.882066	3	0.469084	4	0.769717	5	0.240093	6	0.449204	7	0.767252	8.0	0.257045
95	1	1	0.793622	2	0.0878964	3	0.812912	4	0.784484	5	0.145808	6	0.180649	7	0.40897	8.0	0.626589
96	-1	1	0.790073	2	0.191855	3	0.212851	4	0.332339	5	0.643268	6	0.255556	7	0.438158	8.0	0.71241
97	1	1	0.844353	2	0.171555	3	0.111733	4	0.426976	5	0.656022	6	0.375613	7	0.178155	8.0	0.677109
98	-1	1	0.851156	2	0.211919	3	0.17145	4	0.323547	5	0.678042	6	0.138133	7	0.295139	8.0	0.699283
99	-1	1	0.750235	2	0.191855	3	0.460125	4	0.543208	5	0.499646	6	0.168189	7	0.329582	8.0	0.780204
100	1	1	0.783634	2	0.171555	3	0.219459	4	0.469697	5	0.656022	6	0.487345	7	0.449439	8.0	0.481385
101	-1	1	0.781737	2	0.895573	3	0.350132	4	0.384919	5	0.633621	6	0.489533	7	0.41682	8.0	0.500343
102	-1	1	0.564854	2	0.109192	3	0.415706	4	0.490206	5	0.489065	6	0.752514	7	0.625952	8.0	0.257919
103	1	1	0.927617	2	0.908975	3	0.389589	4	0.352079	5	0.625728	6	0.225958	7	0.268704	8.0	0.738061
104	1	1	0.776879	2	0.0663361	3	0.599914	4	0.57322	5	0.465411	6	0.40648	7	0.447885	8.0	0.542236
105	-1	1	0.844656	2	0.895573	3	0.327574	4	0.357928	5	0.603067	6	0.296206	7	0.466358	8.0	0.5549
106	-1	1	0.817676	2	0.211919	3	0.276266	4	0.156037	5	0.819457	6	0.270681	7	0.206979	8.0	0.699283
107	-1	1	0.856811	2	0.854733	3	0.250684	4	0.376079	5	0.626775	6	0.277922	7	0.274407	8.0	0.716048
108	1	1	0.904766	2	0.882066	3	0.317501	4	0.0796113	5	0.768067	6	0.259316	7	0.337685	8.0	0.693646
109	1	1	0.812044	2	0.211919	3	0.25532	4	0.405593	5	0.615631	6	0.320797	7	0.427166	8.0	0.651746
110	-1	1	0.874713	2	0.895573	3	0.327574	4	0.384919	5	0.633621	6	0.221307	7	0.291136	8.0	0.729505
111	1	1	0.834292	2	0.191855	3	0.25532	4	0.405593	5	0.615631	6	0.218552	7	0.393605	8.0	0.616054
112	-1	1	0.86171	2	0.908975	3	0.25532	4	0.378847	5	0.656022	6	0.319583	7	0.325236	8.0	0.616054
113	-1	1	0.846758	2	0.882066	3	0.241646	4	0.282103	5	0.764761	6	0.325082	7	0.445269	8.0	0.592939
114	-1	1	0.673629	2	0.0878964	3	0.812912	4	0.829121	5	0.197331	6	0.49326	7	0.399681	8.0	0.574368
115	-1	1	0.730262	2	0.151015	3	0.283614	4	0.290002	5	0.595425	6	0.648638	7	0.689277	8.0	0.292635
116	-1	1	0.839414	2	0.191855	3	0.177434	4	0.162666	5	0.738861	6	0.0700592	7	0.349023	8.0	0.760495
117	1	1	0.846758	2	0.191855	3	0.177434	4	0.332339	5	0.738861	6	0.12649	7	0.348498	8.0	0.691458
118	-1	1	0.648476	2	0.211919	3	0.658868	4	0.862126	5	0.204688	6	0.646691	7	0.86543	8.0	0.22118
119	-1	1	0.789171	2	0.171555	3	0.25532	4	0.469697	5	0.656022	7	0.359132	8	0.871815		
120	1	1	0.834292	2	0.171555	3	0.291156	4	0.469697	5	0.656022	6	0.225958	7	0.188817	8.0	0.863246
121	1	1	0.911264	2	0.882066	3	0.259839	4	0.303886	5	0.755717	6	0.330672	7	0.366408	8.0	0.631584
122	-1	1	0.739641	2	0.0663361	3	0.599914	4	0.57322	5	0.465411	6	0.138133	7	0.339176	8.0	0.746761
123	-1	1	0.793183	2	0.364596	3	0.181098	4	0.357619	5	0.689431	6	0.259038	7	0.428202	8.0	0.5621
124	-1	1	0.756106	2	0.151015	3	0.262587	4	0.394031	5	0.767254	6	0.307194	7	0.325914	8.0	0.582912
125	1	1	0.850288	2	0.191855	3	0.354287	4	0.501142	5	0.547551	6	0.225958	7	0.188817	8.0	0.863246
126	1	1	0.849706	2	0.418557	3	0.267538	4	0.239898	5	0.678042	6	0.319583	7	0.757098	8.0	0.391339
127	1	1	0.797508	2	0.211919	3	0.507788	4	0.524902	5	0.370429	6	0.357191	7	0.383185	8.0	0.651746
128	-1	1	0.842829	2	0.868454	3	0.269106	4	0.506897	5	0.587652	6	0.259316	7	0.337685	8.0	0.693646
129	1	1	0.795363	2	0.0223949	3	0.547131	4	0.600035	5	0.434783	6	0.329422	7	0.482682	8.0	0.567783
130	1	1	0.880898	2	0.908975	3	0.300114	4	0.110173	5	0.777062	6	0.221307	7	0.515043	8.0	0.517451
131	-1	1	0.885474	2	0.868454	3	0.246126	4	0.149577	5	0.804965	6	0.225958	7	0.268704	8.0	0.738061
132	1	1	0.855419	2	0.770054	3	0.230871	4	0.560782	5	0.578892	6	0.27281	7	0.0704771	8.0	0.798918
133	-1	1	0.846459	2	0.840904	3	0.348761	4	0.382337	5	0.603332	6	0.151458	7	0.375187	8.0	0.729505
134	-1	1	0.817676	2	0.908975	3	0.289181	4	0.414854	5	0.717044	6	0.296206	7	0.325236	8.0	0.707597
135	1	1	0.885699	2	0.171555	3	0.219459	4	0.212527	5	0.946188	6	0.188422	7	0.178155	8.0	0.968793
136	1	1	0.870011	2	0.191855	3	0.283614	4	0.247614	5	0.738861	6	0.255556	7	0.215106	8.0	0.760495
137	1	1	0.809725	2	0.171555	3	0.219459	4	0.469697	5	0.656022	6	0.429841	7	0.515043	8.0	0.460992
138	-1	1	0.872258	2	0.908975	3	0.339693	4	0.0796113	5	0.708064	6	0.225958	7	0.296974	8.0	0.677109
139	1	1	0.85901	2	0.191855	3	0.318962	4	0.247614	5	0.882014	6	0.20677	7	0.206979	8.0	0.865194
140	-1	1	0.390869	2	0.0878964	3	0.812912	4	0.784484	5	0.145808	6	0.783189	7	0.449439	8.0	0.383143
141	1	1	0.931217	2	0.895573	3	0.350132	4	0.195527	5	0.72521	6	0.325082	7	0.16026	8.0	0.746761
142	-1	1	0.797934	2	0.191855	3	0.212851	4	0.205168	5	0.834326	6	0.168189	7	0.329582	8.0	0.780204
143	1	1	0.916394	2	0.882066	3	0.309978	4	0.282103	5	0.70323	6	0.202504	7	0.268704	8.0	0.768503
144	1	1	0.892708	2	0.854733	3	0.366462	4	0.431397	5	0.532689	6	0.254314	7	0.331406	8.0	0.68531
145	1	1	0.935824	2	0.922274	3	0.295302	4	0.133127	5	0.678042	6	0.30362	7	0.0863814	8.0	0.801884
146	-1	1	0.846758	2	0.854733	3	0.250684	4	0.376079	5	0.626775	6	0.216731	7	0.118345	8.0	0.930271
147	-1	1	0.863305	2	0.895573	3	0.259839	4	0.0868138	5	0.786208	6	0.301513	7	0.331406	8.0	0.623756
148	1	1	0.894828	2	0.882066	3	0.259839	4	0.303886	5	0.755717	6	0.330672	7	0.366408	8.0	0.631584
149	-1	1	0.482376	2	0.0878964	3	1.0	4	0.739783	5	0.145808	6	0.429841	7	0.515043	8.0	0.508771
150	-1	1	0.787808	2	0.171555	3	0.212851	4	0.416849	5	0.69108	6	0.300884	7	0.494551	8.0	0.579374
151	-1	1	0.77133	2	0.882066	3	0.559792	4	0.742816	5	0.240093	6	0.342944	7	0.325236	8.0	0.616054
152	-1	1	0.869	2	0.895573	3	0.327574	4	0.384919	5	0.633621	6	0.389603	7	0.240422	8.0	0.677109
153	-1	1	0.745351	2	0.171555	3	0.141993	4	0.247614	5	0.834326	6	0.225958	7	0.494551	8.0	0.628271
154	-1	1	0.677747	2	0.109192	3	0.797813	4	0.768969	5	0.0885151	6	0.168189	7	0.199062	8.0	0.920333
155	1	1	0.905157	2	0.882066	3	0.423673	4	0.0905035	5	0.856964	6	0.348631	7	0.359892	8.0	0.623756
156	-1	1	0.819503	2	0.854733	3	0.366462	4	0.431397	5	0.532689	6	0.360498	7	0.40318	8.0	0.578159
157	-1	1	0.790522	2	0.895573	3	0.478917	4	0.405593	5	0.625728	6	0.348631	7	0.359892	8.0	0.623756
158	-1	1	0.814324	2	0.908975	3	0.339693	4	0.239898	5	0.798048	6	0.296206	7	0.353483	8.0	0.707597
159	-1	1	0.750833	2	0.13023	3	0.196356	4	0.44805	5	0.682569	6	0.390977	7	0.428202	8.0	0.518881
160	-1	1	0.854577	2	0.882066	3	0.367235	4	0.405593	5	0.686299	6	0.306908	7	0.30895	8.0	0.66263
161	-1	1	0.866182	2	0.882066	3	0.290571	4	0.102652	5	0.759216	6	0.306908	7	0.251447	8.0	0.755608
162	-1	1	0.859282	2	0.854733	3	0.273861	4	0.209561	5	0.783317	6	0.301513	7	0.274407	8.0	0.716048
163	-1	1	0.777373	2	0.171555	3	0.276266	4	0.57322	5	0.489065	6	0.375613	7	0.0874905	8.0	0.774586
164	1	1	0.957068	2	0.908975	3	0.322496	4	0.0291398	5	0.777062	6	0.0615576	7	0.0706983	8.0	0.939421
165	-1	1	0.813947	2	0.211919	3	0.331252	4	0.249458	5	0.713936	6	0.357191	7	0.383185	8.0	0.651746
166	-1	1	0.830657	2	0.191855	3	0.354287	4	0.374621	5	0.547551	6	0.270681	7	0.206979	8.0	0.699283
167	-1	1	0.821306	2	0.882066	3	0.367235	4	0.459023	5	0.595425	6	0.211648	7	0.251447	8.0	0.786548
168	1	1	0.843135	2	0.191855	3	0.389589	4	0.374621	5	0.595425	6	0.329422	7	0.349023	8.0	0.567783
169	-1	1	0.768206	2	0.211919	3	0.206411	4	0.365291	5	0.72521	6	0.247871	7	0.295139	8.0	0.651746
170	-1	1	0.862775	2	0.922274	3	0.317501	4	0.0796113	5	0.768067	6	0.337345	7	0.319163	8.0	0.63877
171	-1	1	0.854013	2	0.895573	3	0.350132	4	0.384919	5	0.633621	6	0.202504	7	0.268704	8.0	0.768503
172	-1	1	0.826234	2	0.895573	3	0.327574	4	0.303886	5	0.72521	6	0.319583	7	0.438158	8.0	0.585491
173	-1	1	0.897741	2	0.854733	3	0.227498	4	0.376079	5	0.689431	6	0.196839	7	0.350562	8.0	0.71075
174	1	1	0.835914	2	0.171555	3	0.326972	4	0.512366	5	0.607547	6	0.284358	7	0.339176	8.0	0.699283
175	1	1	0.836557	2	0.364596	3	0.181098	4	0.357619	5	0.689431	6	0.489533	7	0.507811	8.0	0.388927
176	-1	1	0.794495	2	0.211919	3	0.428111	4	0.468227	5	0.522226	6	0.138133	7	0.339176	8.0	0.746761
177	-1	1	0.847352	2	0.882066	3	0.378224	4	0.0905035	5	0.88767	6	0.296206	7	0.381718	8.0	0.646592
178	-1	1	0.78643	2	0.191855	3	0.206411	4	0.281749	5	0.772349	6	0.292513	7	0.215106	8.0	0.664263
179	1	1	0.907286	2	0.895573	3	0.305003	4	0.303886	5	0.694694	6	0.296206	7	0.268704	8.0	0.738061
180	-1	1	0.796225	2	0.211919	3	0.325691	4	0.420868	5	0.595425	6	0.174759	7	0.55894	8.0	0.604148
181	-1	1	0.831658	2	0.908975	3	0.25532	4	0.298475	5	0.746821	6	0.436189	7	0.325236	8.0	0.585491
182	-1	1	0.67258	2	0.171555	3	0.183572	4	0.469697	5	0.849591	6	0.403097	7	0.393605	8.0	0.51945
183	-1	1	0.775388	2	0.191855	3	0.206411	4	0.239898	5	0.866535	6	0.218552	7	0.438158	8.0	0.567783
184	-1	1	0.832652	2	0.882066	3	0.327574	4	0.384919	5	0.633621	6	0.283122	7	0.366408	8.0	0.66263
185	1	1	0.830992	2	0.171555	3	0.183572	4	0.469697	5	0.849591	6	0.393539	7	0.471119	8.0	0.508771
186	-1	1	0.792302	2	0.171555	3	0.248242	4	0.290002	5	0.834326	6	0.188422	7	0.4043	8.0	0.628271
187	-1	1	0.877602	2	0.882066	3	0.27772	4	0.271642	5	0.746821	6	0.187786	7	0.193895	8.0	0.848354
188	-1	1	0.852592	2	0.171555	3	0.0397957	4	0.384199	5	0.849591	6	0.225958	7	0.188817	8.0	0.863246
189	-1	1	0.830657	2	0.171555	3	0.25532	4	0.298475	5	0.656022	6	0.0932565	7	0.308614	8.0	0.691458
190	1	1	0.865923	2	0.211919	3	0.206411	4	0.114025	5	0.960601	6	0.357191	7	0.383185	8.0	0.651746
191	-1	1	0.701028	2	0.68103	3	0.646871	4	0.304664	5	0.560445	6	0.301513	7	0.359892	8.0	0.654544
192	-1	1	0.659325	2	0.109192	3	0.19202	4	0.411884	5	0.67027	6	0.443947	7	0.532119	8.0	0.666939
193	1	1	0.923919	2	0.908975	3	0.27772	4	0.352079	5	0.686299	6	0.314176	7	0.375187	8.0	0.608479
194	1	1	0.86747	2	0.151015	3	0.0806358	4	0.263658	5	0.865263	6	0.181503	7	0.304412	8.0	0.664263
195	-1	1	0.800457	2	0.211919	3	0.381701	4	0.374124	5	0.67027	6	0.211339	7	0.515043	8.0	0.460992
196	1	1	0.863569	2	0.191855	3	0.177434	4	0.332339	5	0.738861	6	0.181503	7	0.304412	8.0	0.664263
197	-1	1	0.629695	2	0.171555	3	0.861368	4	0.809488	5	0.0722379	6	0.247871	7	0.162857	8.0	0.936073
198	-1	1	0.930894	2	0.935473	3	0.202402	4	0.287919	5	0.699699	6	0.170559	7	0.257576	8.0	0.721086
199	-1	1	0.859825	2	0.895573	3	0.259839	4	0.276828	5	0.786208	6	0.314176	7	0.319163	8.0	0.729505
200	1	1	0.907862	2	0.854733	3	0.250684	4	0.376079	5	0.626775	6	0.254314	7	0.188817	8.0	0.838752
201	1	1	0.899378	2	0.908975	3	0.322496	4	0.352079	5	0.656022	6	0.337345	7	0.40318	8.0	0.578159
202	-1	1	0.822377	2	0.868454	3	0.360926	4	0.204803	5	0.742941	6	0.348631	7	0.388361	8.0	0.592939
203	-1	1	0.770296	2	0.211919	3	0.276266	4	0.365291	5	0.583614	6	0.211339	7	0.427166	8.0	0.55649
204	1	1	0.851156	2	0.191855	3	0.212851	4	0.374621	5	0.643268	6	0.165606	7	0.276782	8.0	0.833649
205	-1	1	0.86171	2	0.854733	3	0.227498	4	0.376079	5	0.689431	6	0.296206	7	0.466358	8.0	0.5549
206	-1	1	0.832652	2	0.895573	3	0.282426	4	0.357928	5	0.664166	6	0.366283	7	0.353483	8.0	0.616054
207	-1	1	0.890773	2	0.882066	3	0.264434	4	0.282103	5	0.764761	6	0.207037	7	0.16026	8.0	0.838752
208	-1	1	0.750235	2	0.171555	3	0.398528	4	0.724869	5	0.413339	6	0.0599844	7	0.268704	8.0	0.777452
209	-1	1	0.783162	2	0.895573	3	0.485292	4	0.438827	5	0.511325	6	0.412907	7	0.381718	8.0	0.646592
210	-1	1	0.785968	2	0.191855	3	0.177434	4	0.374621	5	0.738861	6	0.284781	7	0.418475	8.0	0.552054
211	-1	1	0.752023	2	0.171555	3	0.398528	4	0.724869	5	0.413339	6	0.225958	7	0.188817	8.0	0.863246
212	-1	1	0.850288	2	0.908975	3	0.300114	4	0.244783	5	0.777062	6	0.225958	7	0.268704	8.0	0.738061
213	-1	1	0.80004	2	0.191855	3	0.177434	4	0.332339	5	0.738861	6	0.438597	7	0.642116	8.0	0.288042
214	-1	1	0.79878	2	0.211919	3	0.24135	4	0.323547	5	0.72521	6	0.10146	7	0.295139	8.0	0.794178
215	1	1	0.833639	2	0.191855	3	0.177434	4	0.459023	5	0.738861	6	0.329422	7	0.349023	8.0	0.567783
216	-1	1	0.643366	2	0.191855	3	0.101461	4	0.365291	5	0.72521	6	0.292513	7	0.304412	8.0	0.71241
217	-1	1	0.745351	2	0.191855	3	0.389589	4	0.332339	5	0.547551	6	0.513258	7	0.527177	8.0	0.422598
218	-1	1	0.835591	2	0.895573	3	0.0954423	4	0.633729	5	0.538572	6	0.348631	7	0.388361	8.0	0.592939
219	-1	1	0.837834	2	0.151015	3	0.0664322	4	0.281749	5	0.819457	6	0.0811229	7	0.369512	8.0	0.83834
220	-1	1	0.793183	2	0.151015	3	0.0969281	4	0.298475	5	0.755717	6	0.648638	7	0.689277	8.0	0.292635
221	1	1	0.80697	2	0.191855	3	0.261721	4	0.420868	5	0.595425	6	0.366283	7	0.349023	8.0	0.567783
222	-1	1	0.858737	2	0.854733	3	0.273861	4	0.209561	5	0.783317	6	0.325082	7	0.388361	8.0	0.623756
223	-1	1	0.862775	2	0.882066	3	0.264434	4	0.309385	5	0.734004	6	0.314176	7	0.375187	8.0	0.608479
224	-1	1	0.807367	2	0.0663361	3	0.10653	4	0.374621	5	0.738861	6	0.704245	7	0.413975	8.0	0.537409
225	-1	1	0.873245	2	0.868454	3	0.246126	4	0.149577	5	0.804965	6	0.27281	7	0.212124	8.0	0.798918
226	-1	1	0.761185	2	0.109192	3	0.501228	4	0.856991	5	0.190177	6	0.12649	7	0.308614	8.0	0.734479
227	-1	1	0.751429	2	0.191855	3	0.354287	4	0.374621	5	0.547551	6	0.329422	7	0.482682	8.0	0.567783
228	-1	1	0.813947	2	0.211919	3	0.331252	4	0.249458	5	0.713936	6	0.357191	7	0.383185	8.0	0.651746
229	-1	1	0.775388	2	0.191855	3	0.389589	4	0.332339	5	0.595425	6	0.142716	7	0.129747	8.0	0.989148
230	-1	1	0.878078	2	0.882066	3	0.378224	4	0.309385	5	0.610834	6	0.207037	7	0.188817	8.0	0.808114
231	1	1	0.904766	2	0.882066	3	0.264434	4	0.282103	5	0.764761	6	0.314176	7	0.375187	8.0	0.608479
232	-1	1	0.814701	2	0.191855	3	0.248242	4	0.416849	5	0.643268	6	0.225958	7	0.308614	8.0	0.691458
233	1	1	0.835914	2	0.171555	3	0.31116	4	0.53174	5	0.441745	6	0.338273	7	0.132838	8.0	0.725879
234	1	1	0.869	2	0.191855	3	0.177434	4	0.374621	5	0.69108	6	0.218552	7	0.393605	8.0	0.664263
235	1	1	0.859554	2	0.191855	3	0.283614	4	0.332339	5	0.738861	6	0.211339	7	0.427166	8.0	0.55649
236	1	1	0.850867	2	0.151015	3	0.262587	4	0.394031	5	0.767254	6	0.329422	7	0.438158	8.0	0.567783
237	1	1	0.750833	2	0.171555	3	0.133551	4	0.382668	5	0.768422	6	0.856676	7	0.809489	8.0	0.0868593
238	1	1	0.733007	3	0.599345	4	0.803812	5	0.337108	6	0.181503	7	0.438158	8	0.616054		
239	-1	1	0.609621	3	0.335612	4	0.283672	5	0.647666	6	0.584824	7	0.803459	8	0.355233		
240	1	1	0.909195	2	0.908975	3	0.300114	4	0.217906	5	0.716565	6	0.389603	7	0.325236	8.0	0.585491
241	-1	1	0.886148	2	0.854733	3	0.273861	4	0.292925	5	0.689431	6	0.288409	7	0.344068	8.0	0.514076
242	1	1	0.858464	2	0.211919	3	0.276266	4	0.156037	5	0.819457	6	0.358418	7	0.31444	8.0	0.646936
243	-1	1	0.852877	2	0.895573	3	0.282426	4	0.357928	5	0.664166	6	0.296206	7	0.325236	8.0	0.677109
244	1	1	0.849121	2	0.191855	3	0.318962	4	0.332339	5	0.69108	6	0.204309	7	0.373032	8.0	0.733376
245	-1	1	0.766617	2	0.109192	3	0.276266	4	0.57322	5	0.489065	6	0.752514	7	1.0		
246	1	1	0.909762	2	0.882066	3	0.400952	4	0.200128	5	0.764761	6	0.330672	7	0.366408	8.0	0.631584
247	1	1	0.832652	2	0.171555	3	0.291156	4	0.469697	5	0.656022	6	0.142716	7	0.129747	8.0	0.989148
248	-1	1	0.864095	2	0.908975	3	0.322496	4	0.378847	5	0.625728	6	0.202504	7	0.268704	8.0	0.768503
249	1	1	0.907094	2	0.882066	3	0.355484	4	0.391091	5	0.610834	6	0.319583	7	0.381718	8.0	0.616054
250	-1	1	0.803345	2	0.191855	3	0.200138	4	0.356199	5	0.804965	6	0.218552	7	0.304412	8.0	0.71241
251	-1	1	0.86644	2	0.895573	3	0.372681	4	0.384919	5	0.603067	6	0.225958	7	0.353483	8.0	0.677109
252	-1	1	0.837834	2	0.882066	3	0.378224	4	0.0905035	5	0.88767	6	0.225958	7	0.296974	8.0	0.738061
253	-1	1	0.772355	2	0.191855	3	0.206411	4	0.448621	5	0.630843	6	0.218552	7	0.393605	8.0	0.664263
254	1	1	0.844656	2	0.191855	3	0.354287	4	0.374621	5	0.547551	6	0.181503	7	0.349023	8.0	0.664263
255	1	1	0.875683	2	0.895573	3	0.40621	4	0.372874	5	0.557839	6	0.489533	7	0.388361	8.0	0.500343
256	1	1	0.852877	2	0.191855	3	0.177434	4	0.205168	5	0.977298	6	0.225958	7	0.308614	8.0	0.691458
257	-1	1	0.827952	2	0.191855	3	0.177434	4	0.247614	5	0.834326	6	0.489533	7	0.507811	8.0	0.388927
258	-1	1	0.67467	2	0.171555	3	0.398528	4	0.597531	5	0.607547	6	0.225958	7	0.223446	8.0	0.774586
259	-1	1	0.803752	2	0.895573	3	0.389589	4	0.352079	5	0.625728	6	0.325082	7	0.359892	8.0	0.654544
260	-1	1	0.878788	2	0.191855	3	0.177434	4	0.162666	5	0.738861	6	-0.0044778	7	0.304412	8.0	0.856478
261	-1	1	0.860366	2	0.882066	3	0.309978	4	0.282103	5	0.764761	6	0.277922	7	0.16026	8.0	0.777452
262	-1	1	0.813568	2	0.171555	3	0.283614	4	0.374621	5	0.738861	7	0.53963	8	0.677109		
263	1	1	0.820948	2	0.171555	3	0.291156	4	0.512366	5	0.607547	6	0.225958	7	0.388361	8.0	0.648391
264	-1	1	0.85819	2	0.895573	3	0.327574	4	0.384919	5	0.633621	6	0.239791	7	0.28539	8.0	0.84076
265	1	1	0.854295	2	0.211919	3	0.389589	4	0.214398	5	0.634951	6	0.174759	7	0.0745267	8.0	0.983252
266	1	1	0.849706	2	0.151015	3	0.262587	4	0.35063	5	0.767254	6	0.357191	7	0.383185	8.0	0.699283
267	-1	1	0.797934	2	0.868454	3	0.42969	4	0.397366	5	0.525445	6	0.319583	7	0.296974	8.0	0.707597
268	1	1	0.916214	2	0.908975	3	0.40621	4	0.372874	5	0.557839	6	0.296206	7	0.325236	8.0	0.707597
269	1	1	0.914766	2	0.908975	3	0.384048	4	0.372874	5	0.557839	6	0.296206	7	0.353483	8.0	0.646592
270	-1	1	0.809725	2	0.0878964	3	0.177434	4	0.205168	5	0.69108	6	0.922755	7	0.402394	8.0	0.317965
271	-1	1	0.807367	2	0.882066	3	0.378224	4	0.309385	5	0.610834	6	0.337345	7	0.40318	8.0	0.578159
272	-1	1	0.812808	2	0.191855	3	0.318962	4	0.247614	5	0.643268	6	0.225958	7	0.388361	8.0	0.648391
273	1	1	0.837834	2	0.171555	3	0.212851	4	0.290002	5	0.69108	6	0.225958	7	0.449439	8.0	0.677109
274	-1	1	0.855419	2	0.882066	3	0.344869	4	0.405593	5	0.656022	6	0.187786	7	0.193895	8.0	0.848354
275	-1	1	0.748423	2	0.109192	3	0.219459	4	0.212527	5	0.752868	6	0.405141	7	0.625952	8.0	0.309291
276	-1	1	0.797934	2	0.211919	3	0.25532	4	0.411884	5	0.627513	6	0.320797	7	0.427166	8.0	0.651746
277	-1	1	0.812808	2	0.908975	3	0.322496	4	0.352079	5	0.656022	6	0.436189	7	0.325236	8.0	0.585491
278	1	1	0.836236	2	0.171555	3	0.333011	4	0.352722	5	0.562552	6	0.375613	7	0.494551	8.0	0.579374
279	1	1	0.820588	2	0.171555	3	0.381701	4	0.449601	5	0.541917	6	0.375613	7	0.0874905	8.0	0.774586
280	-1	1	0.76501	2	0.191855	3	0.212851	4	0.290002	5	0.738861	6	0.292078	7	0.22877	8.0	0.863246
281	-1	1	0.861174	2	0.895573	3	0.4566	4	0.43232	5	0.595425	6	0.230687	7	0.0459261	8.0	0.808114
282	-1	1	0.843745	2	0.908975	3	0.4566	4	0.565619	5	0.413339	6	0.27281	7	0.212124	8.0	0.798918
283	-1	1	0.763384	2	0.211919	3	0.261721	4	0.420868	5	0.595425	6	0.247871	7	0.471119	8.0	0.55649
284	-1	1	0.839728	2	0.68103	3	0.317501	4	0.0796113	5	0.768067	6	0.634227	7	0.275229	8.0	0.580787
285	-1	1	0.863305	2	0.854733	3	0.423673	4	0.0905035	5	0.856964	6	0.245355	7	0.262853	8.0	0.71075
286	-1	1	0.885924	2	0.922274	3	0.264063	4	0.177877	5	0.780012	6	0.151458	7	0.375187	8.0	0.729505
287	1	1	0.914948	2	0.882066	3	0.355484	4	0.391091	5	0.610834	6	0.296206	7	0.353483	8.0	0.646592
288	-1	1	0.781259	2	0.171555	3	0.318962	4	0.290002	5	0.738861	6	0.375613	7	0.0874905	8.0	0.774586
289	-1	1	0.945769	2	0.908975	3	0.411934	4	0.378847	5	0.534779	6	0.139612	8	0.969181		
290	-1	1	0.790522	2	0.191855	3	0.354287	4	0.543208	5	0.499646	6	0.218552	7	0.349023	8.0	0.616054
291	1	1	0.893772	2	0.895573	3	0.440278	4	0.411884	5	0.511325	6	0.296206	7	0.466358	8.0	0.5549
292	1	1	0.834292	2	0.364596	3	0.507788	4	0.524902	5	0.370429	6	0.0599844	7	0.268704	8.0	0.777452
293	-1	1	0.770296	2	0.171555	3	0.283614	4	0.374621	5	0.69108	6	0.375613	7	0.0874905	8.0	0.774586
294	-1	1	0.770814	2	0.171555	3	0.219459	4	0.341364	5	0.704461	6	0.255556	7	0.304412	8.0	0.71241
295	1	1	0.902198	2	0.895573	3	0.350132	4	0.465752	5	0.572496	6	0.325082	7	0.445269	8.0	0.592939
296	-1	1	0.85819	2	0.895573	3	0.40621	4	0.372874	5	0.557839	6	0.254314	7	0.302913	8.0	0.716048
297	1	1	0.804158	2	0.171555	3	0.0397957	4	0.554976	5	0.656022	6	0.263444	7	0.494551	8.0	0.628271
298	1	1	0.850578	2	0.868454	3	0.469084	4	0.769717	5	0.240093	6	0.312392	7	0.430924	8.0	0.514076
299	-1	1	0.814324	2	0.151015	3	0.117076	4	0.35063	5	0.669115	6	0.225958	7	0.388361	8.0	0.648391
300	1	1	0.895247	2	0.882066	3	0.339693	4	0.0796113	5	0.708064	6	0.425535	7	0.280206	8.0	0.693646
301	1	1	0.862243	2	0.171555	3	0.147665	4	0.341364	5	0.752868	6	0.247871	7	0.251073	8.0	0.746761
302	-1	1	0.848828	2	0.895573	3	0.305003	4	0.222652	5	0.755717	6	0.225958	7	0.296974	8.0	0.768503
303	1	1	0.917291	2	0.882066	3	0.332737	4	0.309385	5	0.672443	6	0.306908	7	0.251447	8.0	0.755608
304	-1	1	0.901198	2	0.908975	3	0.322496	4	0.0291398	5	0.777062	6	0.27281	7	0.0704771	8.0	0.798918
305	1	1	0.850867	2	0.171555	3	0.261721	4	0.420868	5	0.595425	6	0.375613	7	0.0874905	8.0	0.774586
306	1	1	0.928278	2	0.908975	3	0.273094	4	0.133127	5	0.768067	6	0.225958	7	0.296974	8.0	0.768503
307	1	1	0.827952	2	0.191855	3	0.415706	4	0.614648	5	0.441745	6	0.218552	7	0.393605	8.0	0.664263
308	1	1	0.871762	2	0.171555	3	0.071043	4	0.374621	5	0.786611	6	0.412907	7	0.359132	8.0	0.579374
309	-1	1	0.714099	2	0.151015	3	0.136467	4	0.448621	5	0.630843	6	0.760808	7	0.461026	8.0	0.392445
310	1	1	0.893347	2	0.895573	3	0.440278	4	0.411884	5	0.511325	6	0.319583	7	0.438158	8.0	0.585491
311	-1	1	0.841597	2	0.882066	3	0.40621	4	0.372874	5	0.557839	6	0.235494	7	0.30895	8.0	0.693646
312	-1	1	0.865403	2	0.854733	3	0.273861	4	0.292925	5	0.689431	6	0.225958	7	0.268704	8.0	0.738061
313	-1	1	0.836877	2	0.868454	3	0.383857	4	0.397366	5	0.432035	6	0.27281	7	0.353483	8.0	0.616054
314	1	1	0.919594	2	0.882066	3	0.332737	4	0.309385	5	0.672443	6	0.225958	7	0.353483	8.0	0.677109
315	-1	1	0.617691	2	0.0223949	3	0.318962	4	0.332339	5	0.595425	6	0.530499	7	0.58733	8.0	0.45396
316	-1	1	0.822377	2	0.895573	3	0.327574	4	0.357928	5	0.603067	6	0.325082	7	0.388361	8.0	0.623756
317	-1	1	0.800874	2	0.171555	3	0.0397957	4	0.384199	5	0.849591	6	0.181503	7	0.438158	8.0	0.616054
318	1	1	0.879024	2	0.770054	3	0.230871	4	0.560782	5	0.578892	6	0.296206	7	0.353483	8.0	0.707597
319	-1	1	0.693092	2	0.191855	3	0.19202	4	0.449601	5	0.627513	6	0.218552	7	0.438158	8.0	0.567783
320	-1	1	0.844656	2	0.908975	3	0.40621	4	0.372874	5	0.557839	6	0.225958	7	0.353483	8.0	0.677109
321	1	1	0.927285	2	0.908975	3	0.25532	4	0.325287	5	0.656022	6	0.342944	7	0.296974	8.0	0.616054
322	-1	1	0.77388	2	0.191855	3	0.10653	4	0.416849	5	0.738861	6	0.320797	7	0.339176	8.0	0.746761
323	1	1	0.835914	2	0.171555	3	0.291156	4	0.255531	5	0.752868	6	0.159685	7	0.507811	8.0	0.60527
324	1	1	0.919594	2	0.868454	3	0.269106	4	0.149577	5	0.804965	6	0.296206	7	0.325236	8.0	0.677109
325	-1	1	0.776879	2	0.895573	3	0.45051	4	0.399407	5	0.557839	6	0.325082	7	0.445269	8.0	0.592939
326	1	1	0.917826	2	0.854733	3	0.297024	4	0.292925	5	0.689431	6	0.225958	7	0.353483	8.0	0.677109
327	1	1	0.77133	2	0.0445045	3	0.959925	4	1.0	6	0.0811229	7	0.369512	8	0.83834		
328	-1	1	0.790073	2	0.882066	3	0.469084	4	0.769717	5	0.240093	6	0.225958	7	0.296974	8.0	0.768503
329	-1	1	0.85202	2	0.908975	3	0.339693	4	0.0796113	5	0.708064	6	0.389603	7	0.353483	8.0	0.5549
330	-1	1	0.796654	2	0.895573	3	0.395224	4	0.438827	5	0.572496	6	0.325082	7	0.445269	8.0	0.592939
331	-1	1	0.835267	2	0.854733	3	0.227498	4	0.376079	5	0.689431	6	0.325082	7	0.388361	8.0	0.623756
332	-1	1	0.601049	2	0.151015	3	0.318546	4	0.336323	5	0.627513	6	0.835344	7	0.871333	8.0	0.0922168
333	-1	1	0.881826	2	0.854733	3	0.273861	4	0.403751	5	0.564062	6	0.225958	7	0.353483	8.0	0.677109
334	-1	1	0.793183	2	0.171555	3	0.0397957	4	0.554976	5	0.656022	6	0.225958	7	0.188817	8.0	0.863246
335	-1	1	0.867982	2	0.895573	3	0.259839	4	0.222652	5	0.786208	6	0.27281	7	0.325236	8.0	0.677109
336	-1	1	0.822021	2	0.784457	3	0.298902	4	0.37957	5	0.636372	6	0.425535	7	0.280206	8.0	0.693646
337	-1	1	0.83199	2	0.868454	3	0.383857	4	0.397366	5	0.432035	6	0.225958	7	0.268704	8.0	0.768503
338	-1	1	0.842829	2	0.784457	3	0.298902	4	0.37957	5	0.636372	6	0.230687	7	0.274407	8.0	0.777452
339	-1	1	0.793183	2	0.211919	3	0.511366	4	0.422602	5	0.55408	6	0.247871	7	0.162857	8.0	0.936073
340	-1	1	0.762289	2	0.171555	3	0.507788	4	0.524902	5	0.370429	6	0.338273	7	0.132838	8.0	0.725879
341	-1	1	0.819866	2	0.171555	3	0.0397957	4	0.384199	5	0.849591	6	0.144403	7	0.393605	8.0	0.616054
342	-1	1	0.508916	2	0.109192	3	0.460125	4	0.543208	5	0.499646	6	0.790853	7	0.344068	8.0	0.5651
343	-1	1	0.808944	2	0.364596	3	0.160341	4	0.411884	5	0.627513	6	0.259038	7	0.428202	8.0	0.5621
344	-1	1	0.82761	2	0.882066	3	0.322496	4	0.352079	5	0.625728	6	0.283122	7	0.366408	8.0	0.66263
345	-1	1	0.882517	2	0.908975	3	0.131083	4	0.911717	5	0.357221	6	0.319583	7	0.296974	8.0	0.707597
346	1	1	0.759513	2	0.0878964	3	0.812912	4	0.829121	5	0.197331	6	0.174759	7	0.0745267	8.0	0.983252
347	-1	1	0.838468	2	0.826964	3	0.315035	4	0.369926	5	0.494321	6	0.329422	7	0.363887	8.0	0.63213
348	-1	1	0.900594	2	0.908975	3	0.220334	4	0.49156	5	0.454829	6	0.319583	7	0.296974	8.0	0.707597
349	-1	1	0.690342	2	0.151015	3	0.335196	4	0.610172	5	0.423194	6	0.320797	7	0.339176	8.0	0.746761
350	-1	1	0.818043	2	0.171555	3	0.177434	4	0.290002	5	0.786611	6	0.300884	7	0.494551	8.0	0.579374
351	1	1	0.934095	2	0.895573	3	0.259839	4	0.303886	5	0.72521	6	0.296206	7	0.353483	8.0	0.646592
352	-1	1	0.860096	2	0.882066	3	0.264434	4	0.282103	5	0.764761	6	0.378143	7	0.165103	8.0	0.786548
353	1	1	0.869506	2	0.171555	3	0.141993	4	0.162666	5	0.882014	6	0.375613	7	0.494551	8.0	0.579374
354	-1	1	0.849121	2	0.854733	3	0.273861	4	0.320668	5	0.658108	6	0.342944	7	0.296974	8.0	0.616054
355	-1	1	0.848828	2	0.908975	3	0.25532	4	0.378847	5	0.656022	6	0.319583	7	0.268704	8.0	0.677109
356	-1	1	0.872258	2	0.868454	3	0.383857	4	0.424783	5	0.400872	6	0.163901	7	0.222679	8.0	0.817465
357	-1	1	0.754952	2	0.191855	3	0.24135	4	0.490206	5	0.678042	6	0.292513	7	0.393605	8.0	0.567783
358	-1	1	0.889467	2	0.908975	3	0.27772	4	0.352079	5	0.656022	6	0.249392	7	0.296974	8.0	0.677109
359	-1	1	0.780779	2	0.191855	3	0.248242	4	0.290002	5	0.69108	6	0.218552	7	0.393605	8.0	0.616054
360	-1	1	0.80004	2	0.854733	3	0.469084	4	0.769717	5	0.240093	6	0.245355	7	0.379774	8.0	0.584434
361	-1	1	0.802936	2	0.191855	3	0.276266	4	0.323547	5	0.678042	6	0.255556	7	0.393605	8.0	0.567783
362	1	1	0.813189	2	0.364596	3	0.273861	4	0.283672	5	0.689431	6	0.159685	7	0.507811	8.0	0.60527
363	1	1	0.909005	2	0.895573	3	0.305003	4	0.384919	5	0.633621	6	0.348631	7	0.359892	8.0	0.623756
364	1	1	0.843745	2	0.191855	3	0.267538	4	0.276522	5	0.636747	6	0.255556	7	0.482682	8.0	0.51945
365	-1	1	0.824494	2	0.882066	3	0.485292	4	0.438827	5	0.419468	6	0.283122	7	0.366408	8.0	0.66263
366	1	1	0.86171	2	0.191855	3	0.177434	4	0.332339	5	0.738861	6	0.0599844	7	0.268704	8.0	0.777452
367	-1	1	0.868237	2	0.868454	3	0.383857	4	0.424783	5	0.432035	6	0.249392	7	0.325236	8.0	0.677109
368	1	1	0.907862	2	0.882066	3	0.332737	4	0.363878	5	0.641647	6	0.342944	7	0.296974	8.0	0.616054
369	1	1	0.839414	2	0.211919	3	0.206411	4	0.281749	5	0.772349	6	0.393539	7	0.471119	8.0	0.508771
370	-1	1	0.814324	2	0.882066	3	0.332737	4	0.336641	5	0.672443	6	0.436189	7	0.409946	8.0	0.524287
371	-1	1	0.860905	2	0.908975	3	0.184167	4	0.399407	5	0.708064	6	0.319583	7	0.268704	8.0	0.677109
372	1	1	0.816568	2	0.191855	3	0.071043	4	0.374621	5	0.786611	6	0.609406	7	0.85019	8.0	0.122581
373	-1	1	0.836236	2	0.798742	3	0.245717	4	0.43041	5	0.660346	6	0.277922	7	0.274407	8.0	0.716048
374	-1	1	0.876646	2	0.908975	3	0.300114	4	0.271642	5	0.595425	6	0.216731	7	0.118345	8.0	0.930271
375	-1	1	0.806172	2	0.171555	3	0.147665	4	0.341364	5	0.752868	6	0.218552	7	0.304412	8.0	0.71241
376	1	1	0.890339	2	0.882066	3	0.218851	4	0.254802	5	0.795509	6	0.412907	7	0.381718	8.0	0.646592
377	-1	1	0.790522	2	0.191855	3	0.248242	4	0.332339	5	0.69108	6	0.255556	7	0.349023	8.0	0.71241
378	-1	1	0.854295	2	0.908975	3	0.300114	4	0.352079	5	0.656022	6	0.319583	7	0.325236	8.0	0.616054
379	-1	1	0.84526	2	0.908975	3	0.344869	4	0.405593	5	0.656022	6	0.30362	7	0.0863814	8.0	0.801884
380	1	1	0.91889	2	0.882066	3	0.309978	4	0.309385	5	0.734004	6	0.27281	7	0.353483	8.0	0.677109
381	-1	1	0.790522	2	0.151015	3	0.298902	4	0.35063	5	0.718203	6	0.358418	7	0.31444	8.0	0.646936
382	-1	1	0.797508	2	0.171555	3	0.0397957	4	0.512366	5	0.704461	6	0.159685	7	0.507811	8.0	0.60527
383	1	1	0.705247	2	0.151015	3	0.570721	4	0.411884	5	0.456225	6	0.611152	7	0.780365	8.0	0.242633
384	1	1	0.914584	2	0.882066	3	0.423673	4	0.0905035	5	0.856964	6	0.319583	7	0.296974	8.0	0.707597
385	-1	1	0.841287	2	0.895573	3	0.344869	4	0.083182	5	0.716565	6	0.348631	7	0.359892	8.0	0.623756
386	-1	1	0.791415	2	0.191855	3	0.389589	4	0.374621	5	0.547551	6	0.218552	7	0.349023	8.0	0.616054
387	1	1	0.951604	2	0.895573	3	0.350132	4	0.384919	5	0.633621	6	0.221493	7	0.155502	8.0	0.862565
388	-1	1	0.889467	2	0.895573	3	0.417754	4	0.465752	5	0.450099	6	0.0615576	7	0.0706983	8.0	0.939421
389	1	1	0.843745	2	0.151015	3	0.318962	4	0.332339	5	0.738861	6	0.233561	7	0.277875	8.0	0.789055
390	-1	1	0.800874	2	0.882066	3	0.559792	4	0.742816	5	0.240093	6	0.296206	7	0.381718	8.0	0.616054
391	-1	1	0.767149	2	0.34623	3	0.261721	4	0.420868	5	0.595425	6	0.225958	7	0.46802	8.0	0.5621
392	-1	1	0.816196	2	0.895573	3	0.507788	4	0.411884	5	0.480716	6	0.225958	7	0.353483	8.0	0.677109
393	-1	1	0.784104	2	0.191855	3	0.160341	4	0.336323	5	0.713006	6	0.329422	7	0.349023	8.0	0.71241
394	1	1	0.948788	2	0.882066	3	0.287209	4	0.282103	5	0.764761	6	0.0615576	7	0.0706983	8.0	0.939421
395	-1	1	0.786891	2	0.171555	3	0.790417	4	0.469697	5	0.364708	6	0.255556	7	0.349023	8.0	0.71241
396	1	1	0.928443	2	0.908975	3	0.242203	4	0.0989829	5	0.809502	6	0.389603	7	0.353483	8.0	0.5549
397	-1	1	0.793183	2	0.364596	3	0.223678	4	0.487275	5	0.499081	6	0.319583	7	0.757098	8.0	0.391339
398	-1	1	0.86462	2	0.895573	3	0.400579	4	0.367	5	0.550692	6	0.207037	7	0.16026	8.0	0.838752
399	-1	1	0.847649	2	0.882066	3	0.287209	4	0.309385	5	0.734004	6	0.249392	7	0.325236	8.0	0.677109
400	-1	1	0.41329	3	0.599345	4	0.803812	5	0.337108	6	0.350724	7	0.794526	8	0.309291		
401	-1	1	0.805772	2	0.171555	3	0.354287	4	0.58522	5	0.403742	7	0.53963	8	0.677109		
402	1	1	0.833311	2	0.171555	3	0.291156	4	0.384199	5	0.607547	6	0.329422	7	0.482682	8.0	0.567783
403	-1	1	0.82761	2	0.191855	3	0.354287	4	0.374621	5	0.547551	6	0.292513	7	0.304412	8.0	0.71241
404	-1	1	0.67467	2	0.109192	3	0.797813	4	0.856991	5	0.139364	6	0.225958	7	0.381718	8.0	0.636418
405	-1	1	0.850578	2	0.882066	3	0.289181	4	0.414854	5	0.717044	6	0.306908	7	0.30895	8.0	0.66263
406	-1	1	0.797082	2	0.171555	3	0.25532	4	0.487275	5	0.541917	6	0.188422	7	0.4043	8.0	0.628271
407	-1	1	0.783162	2	0.171555	3	0.17145	4	0.323547	5	0.678042	6	0.263444	7	0.0421098	8.0	0.871815
408	-1	1	0.751429	2	0.151015	3	0.389589	4	0.374621	5	0.547551	6	0.309478	7	0.369512	8.0	0.690294
409	1	1	0.884798	2	0.908975	3	0.367235	4	0.459023	5	0.595425	6	0.314176	7	0.375187	8.0	0.608479
410	-1	1	0.81914	2	0.908975	3	0.25532	4	0.539003	5	0.56511	6	0.296206	7	0.466358	8.0	0.5549
411	1	1	0.842214	2	0.171555	3	0.160341	4	0.411884	5	0.627513	6	0.113201	7	0.449439	8.0	0.628271
412	-1	1	0.742842	2	0.171555	3	0.57701	4	0.724869	5	0.316041	6	0.144403	7	0.304412	8.0	0.760495
413	-1	1	0.792743	2	0.191855	3	0.248242	4	0.543208	5	0.547551	6	0.225958	7	0.308614	8.0	0.691458
414	1	1	0.914401	2	0.882066	3	0.400952	4	0.200128	5	0.764761	6	0.296206	7	0.325236	8.0	0.707597
415	1	1	0.859825	2	0.882066	3	0.53713	4	0.742816	5	0.240093	6	0.235494	7	0.30895	8.0	0.693646
416	-1	1	0.760072	2	0.151015	3	0.262587	4	0.35063	5	0.767254	6	0.284358	7	0.339176	8.0	0.699283
417	-1	1	0.804564	2	0.171555	3	0.219459	4	0.212527	5	0.752868	6	0.225958	7	0.313931	8.0	0.823234
418	-1	1	0.804564	2	0.171555	3	0.206411	4	0.114025	5	0.960601	6	0.487345	7	0.268704	8.0	0.579374
419	-1	1	0.828633	2	0.364596	3	0.160341	4	0.411884	5	0.627513	6	0.12649	7	0.348498	8.0	0.691458
420	-1	1	0.817307	2	0.908975	3	0.361874	4	0.425915	5	0.58791	6	0.296206	7	0.325236	8.0	0.677109
421	-1	1	0.781737	2	0.171555	3	0.223678	4	0.374124	5	0.67027	6	0.375613	7	0.0874905	8.0	0.774586
422	-1	1	0.89228	2	0.908975	3	0.220334	4	0.49156	5	0.454829	6	0.436189	7	0.409946	8.0	0.524287
423	1	1	0.819866	2	0.171555	3	0.291156	4	0.384199	5	0.801248	6	0.300884	7	0.494551	8.0	0.579374
424	1	1	0.855419	2	0.191855	3	0.248242	4	0.247614	5	0.643268	6	0.213019	7	0.40897	8.0	0.584434
425	1	1	0.825193	2	0.191855	3	0.460125	4	0.58522	5	0.451709	6	0.238742	7	0.206979	8.0	0.699283
426	1	1	0.790522	2	0.151015	3	0.262587	4	0.610172	5	0.619998	6	0.292513	7	0.304412	8.0	0.71241
427	-1	1	0.837197	2	0.908975	3	0.389589	4	0.352079	5	0.625728	6	0.239791	7	0.28539	8.0	0.84076
428	1	1	0.929265	2	0.882066	3	0.309978	4	0.282103	5	0.734004	6	0.301513	7	0.331406	8.0	0.623756
429	1	1	0.822732	2	0.191855	3	0.283614	4	0.501142	5	0.547551	6	0.225958	7	0.381718	8.0	0.636418
430	1	1	0.897328	2	0.868454	3	0.322496	4	0.325287	5	0.80729	6	0.192273	7	0.344068	8.0	0.7646
431	-1	1	0.854013	2	0.882066	3	0.40621	4	0.372874	5	0.557839	6	0.330672	7	0.366408	8.0	0.631584
432	1	1	0.930407	2	0.908975	3	0.300114	4	0.459023	5	0.56511	6	0.225958	7	0.296974	8.0	0.677109
433	-1	1	0.836236	2	0.882066	3	0.264434	4	0.282103	5	0.764761	6	0.389603	7	0.325236	8.0	0.585491
434	-1	1	0.861977	2	0.882066	3	0.344869	4	0.083182	5	0.716565	6	0.283122	7	0.251447	8.0	0.786548
435	-1	1	0.824844	2	0.171555	3	0.111733	4	0.426976	5	0.801248	6	0.211339	7	0.383185	8.0	0.604148
436	-1	1	0.710146	2	0.211919	3	0.38088	4	0.406982	5	0.678042	6	0.259038	7	0.428202	8.0	0.5621
437	-1	1	0.856811	2	0.882066	3	0.287209	4	0.282103	5	0.764761	6	0.254314	7	0.188817	8.0	0.808114
438	1	1	0.918713	2	0.895573	3	0.350132	4	0.303886	5	0.694694	6	0.342944	7	0.325236	8.0	0.616054
439	-1	1	0.844353	2	0.895573	3	0.300114	4	0.352079	5	0.656022	6	0.301513	7	0.331406	8.0	0.623756
440	-1	1	0.869	2	0.854733	3	0.317501	4	0.0796113	5	0.768067	6	0.245355	7	0.379774	8.0	0.584434
441	1	1	0.887928	2	0.882066	3	0.4566	4	0.43232	5	0.595425	6	0.306908	7	0.280206	8.0	0.693646
442	-1	1	0.871264	2	0.895573	3	0.350132	4	0.384919	5	0.633621	6	0.216731	7	0.118345	8.0	0.930271
443	1	1	0.859282	2	0.171555	3	0.326972	4	0.512366	5	0.559044	6	0.174759	7	0.0745267	8.0	0.983252
444	-1	1	0.818043	2	0.908975	3	0.344869	4	0.43232	5	0.595425	6	0.412907	7	0.381718	8.0	0.646592
445	-1	1	0.90767	2	0.895573	3	0.300114	4	0.110173	5	0.777062	6	0.207037	7	0.188817	8.0	0.808114
446	-1	1	0.740287	2	0.191855	3	0.223678	4	0.487275	5	0.499081	6	0.403097	7	0.482682	8.0	0.51945
447	1	1	0.908053	2	0.895573	3	0.327574	4	0.357928	5	0.603067	6	0.301513	7	0.331406	8.0	0.623756
448	-1	1	0.854577	2	0.784457	3	0.202003	4	0.495073	5	0.603616	6	0.301513	7	0.274407	8.0	0.716048
449	-1	1	0.833311	2	0.171555	3	0.223678	4	0.336323	5	0.67027	6	0.375613	7	0.0874905	8.0	0.774586
450	-1	1	0.806172	2	0.868454	3	0.42969	4	0.424783	5	0.494321	6	0.27281	7	0.353483	8.0	0.646592
451	-1	1	0.853162	2	0.908975	3	0.389589	4	0.352079	5	0.686299	6	0.221307	7	0.291136	8.0	0.729505
452	-1	1	0.575896	2	0.109192	3	0.335612	4	0.283672	5	0.647666	6	0.790853	7	0.344068	8.0	0.5651
453	-1	1	0.876885	2	0.868454	3	0.292075	4	0.177201	5	0.77396	6	0.225958	7	0.296974	8.0	0.768503
454	1	1	0.849121	2	0.151015	3	0.117076	4	0.35063	5	0.669115	6	0.188422	7	0.4043	8.0	0.628271
455	1	1	0.901799	2	0.895573	3	0.327574	4	0.330918	5	0.664166	6	0.348631	7	0.388361	8.0	0.592939
456	-1	1	0.78735	2	0.171555	3	0.219459	4	0.212527	5	0.946188	6	0.247871	7	0.339176	8.0	0.699283
457	-1	1	0.852877	2	0.882066	3	0.25532	4	0.378847	5	0.656022	6	0.235494	7	0.30895	8.0	0.693646
458	-1	1	0.839728	2	0.784457	3	0.298902	4	0.37957	5	0.636372	6	0.360498	7	0.40318	8.0	0.578159
459	1	1	0.859282	2	0.171555	3	0.318962	4	0.416849	5	0.547551	6	0.375613	7	0.0874905	8.0	0.774586
460	-1	1	0.814701	2	0.868454	3	0.360926	4	0.342463	5	0.494321	6	0.301513	7	0.331406	8.0	0.623756
461	1	1	0.86304	2	0.191855	3	0.177434	4	0.247614	5	0.834326	6	0.144403	7	0.438158	8.0	0.760495
462	1	1	0.909762	2	0.908975	3	0.389589	4	0.405593	5	0.595425	6	0.27281	7	0.353483	8.0	0.616054
463	-1	1	0.617691	2	0.109192	3	0.834773	4	0.768969	5	0.139364	6	0.320797	7	0.427166	8.0	0.651746
464	-1	1	0.807367	2	0.908975	3	0.344869	4	0.459023	5	0.56511	6	0.366283	7	0.353483	8.0	0.677109
465	-1	1	0.845561	2	0.895573	3	0.327574	4	0.411884	5	0.603067	6	0.301513	7	0.274407	8.0	0.716048
466	-1	1	0.828633	2	0.171555	3	0.10653	4	0.205168	5	0.882014	6	0.412907	7	0.359132	8.0	0.579374
467	-1	1	0.75782	2	0.191855	3	0.248242	4	0.332339	5	0.738861	6	0.513258	7	0.527177	8.0	0.422598
468	-1	1	0.855419	2	0.895573	3	0.27772	4	0.378847	5	0.656022	6	0.301513	7	0.331406	8.0	0.623756
469	-1	1	0.807367	2	0.191855	3	0.177434	4	0.416849	5	0.595425	6	0.259038	7	0.428202	8.0	0.5621
470	1	1	0.869759	2	0.171555	3	0.212851	4	0.205168	5	0.977298	6	0.0755181	7	0.359132	8.0	0.677109
471	-1	1	0.761185	2	0.191855	3	0.248242	4	0.332339	5	0.738861	6	0.107255	7	0.259772	8.0	0.808519
472	-1	1	0.864095	2	0.908975	3	0.0954423	4	0.633729	5	0.538572	6	0.27281	7	0.240422	8.0	0.616054
473	-1	1	0.841906	2	0.191855	3	0.10653	4	0.416849	5	0.738861	6	0.107255	7	0.215106	8.0	0.808519
474	-1	1	0.728166	2	0.364596	3	0.622988	4	0.84779	5	0.10744	6	0.225958	7	0.308614	8.0	0.691458
475	-1	1	0.778355	2	0.171555	3	0.291156	4	0.640034	5	0.510509	6	0.263444	7	0.629702	8.0	0.530413
476	1	1	0.92426	2	0.895573	3	0.242203	4	0.0989829	5	0.809502	6	0.348631	7	0.359892	8.0	0.623756
477	-1	1	0.796225	2	0.191855	3	0.141993	4	0.247614	5	0.834326	6	0.225958	7	0.58733	8.0	0.475615
478	-1	1	0.822377	2	0.840904	3	0.348761	4	0.382337	5	0.603332	6	0.254314	7	0.302913	8.0	0.716048
479	-1	1	0.822021	2	0.191855	3	0.177434	4	0.332339	5	0.738861	6	0.204309	7	0.286102	8.0	0.826971
480	1	1	0.928608	2	0.895573	3	0.23724	4	0.222652	5	0.786208	6	0.207037	7	0.188817	8.0	0.808114
481	1	1	0.912749	2	0.882066	3	0.423673	4	0.0905035	5	0.856964	6	0.319583	7	0.325236	8.0	0.616054
482	-1	1	0.82761	2	0.895573	3	0.282426	4	0.330918	5	0.694694	6	0.319583	7	0.438158	8.0	0.585491
483	-1	1	0.809335	2	0.0223949	3	0.25532	4	0.212527	5	0.801248	6	0.530499	7	0.58733	8.0	0.45396
484	-1	1	0.822377	2	0.840904	3	0.39542	4	0.410245	5	0.603332	6	0.296206	7	0.381718	8.0	0.646592
485	-1	1	0.827952	2	0.364596	3	0.25532	4	0.487275	5	0.541917	6	0.225958	7	0.46802	8.0	0.5621
486	-1	1	0.824494	2	0.191855	3	0.177434	4	0.290002	5	0.786611	6	0.144403	7	0.259772	8.0	0.808519
487	-1	1	0.760072	2	0.211919	3	0.181098	4	0.357619	5	0.689431	6	0.429841	7	0.515043	8.0	0.460992
488	-1	1	0.835591	2	0.882066	3	0.322496	4	0.378847	5	0.686299	6	0.235494	7	0.30895	8.0	0.693646
489	1	1	0.842522	2	0.191855	3	0.335612	4	0.283672	5	0.647666	6	0.181503	7	0.349023	8.0	0.664263
490	-1	1	0.806172	2	0.895573	3	0.4566	4	0.43232	5	0.595425	6	0.301513	7	0.302913	8.0	0.68531
491	-1	1	0.822021	2	0.211919	3	0.331252	4	0.249458	5	0.713936	6	0.138133	7	0.206979	8.0	0.888834
492	-1	1	0.789171	2	0.364596	3	0.25532	4	0.600035	5	0.456225	6	0.225958	7	0.188817	8.0	0.863246
493	1	1	0.87973	2	0.826964	3	0.354287	4	0.388703	5	0.611376	6	0.277922	7	0.16026	8.0	0.777452
494	-1	1	0.870262	2	0.895573	3	0.282426	4	0.222652	5	0.786208	6	0.170559	7	0.257576	8.0	0.721086
495	1	1	0.826579	2	0.171555	3	0.25532	4	0.212527	5	0.801248	6	0.403097	7	0.527177	8.0	0.471055
496	-1	1	0.790073	2	0.191855	3	0.283614	4	0.247614	5	0.738861	6	0.403097	7	0.438158	8.0	0.567783
497	1	1	0.84405	2	0.191855	3	0.212851	4	0.416849	5	0.69108	6	0.247871	7	0.339176	8.0	0.699283
498	1	1	0.862775	2	0.191855	3	0.212851	4	0.290002	5	0.69108	6	0.218552	7	0.393605	8.0	0.664263
499	-1	1	0.804968	2	0.191855	3	0.212851	4	0.374621	5	0.643268	6	0.165606	7	0.276782	8.0	0.833649
500	-1	1	0.817676	2	0.882066	3	0.309978	4	0.282103	5	0.734004	6	0.259316	7	0.337685	8.0	0.693646
501	-1	1	0.812808	2	0.151015	3	0.262587	4	0.567059	5	0.669115	6	0.174759	7	0.0745267	8.0	0.983252
502	1	1	0.908244	2	0.868454	3	0.383857	4	0.397366	5	0.432035	6	0.301513	7	0.331406	8.0	0.623756
503	-1	1	0.724601	2	0.151015	3	0.117076	4	0.394031	5	0.816277	6	0.284358	7	0.515043	8.0	0.460992
504	-1	1	0.801702	2	0.68103	3	0.646871	4	0.304664	5	0.560445	6	0.283122	7	0.251447	8.0	0.755608
505	-1	1	0.870011	2	0.908975	3	0.27772	4	0.352079	5	0.686299	6	0.221307	7	0.291136	8.0	0.729505
506	1	1	0.891851	2	0.895573	3	0.317501	4	0.0796113	5	0.768067	6	0.489533	7	0.41682	8.0	0.500343
507	-1	1	0.842829	2	0.882066	3	0.469084	4	0.769717	5	0.240093	6	0.378143	7	0.165103	8.0	0.786548
508	1	1	0.914766	2	0.908975	3	0.367235	4	0.352079	5	0.656022	6	0.342944	7	0.325236	8.0	0.677109
509	-1	1	0.638059	2	0.171555	3	0.415706	4	0.614648	5	0.441745	6	0.338273	7	0.0421098	8.0	0.823234
510	-1	1	0.77133	2	0.171555	3	0.111733	4	0.426976	5	0.801248	6	0.255556	7	0.482682	8.0	0.567783
511	-1	1	0.954772	2	0.908975	3	0.25532	4	0.378847	5	0.656022	6	0.139612	8	0.969181		
512	-1	1	0.844958	2	0.798742	3	0.245717	4	0.43041	5	0.660346	6	0.230687	7	0.245887	8.0	0.808114
513	-1	1	0.870262	2	0.895573	3	0.259839	4	0.276828	5	0.755717	6	0.342944	7	0.296974	8.0	0.616054
514	-1	1	0.659325	2	0.109192	3	0.760828	4	0.988583	5	-0.0132865	6	0.225958	7	0.4043	8.0	0.579374
515	-1	1	0.804564	2	0.895573	3	0.485292	4	0.438827	5	0.419468	6	0.319583	7	0.296974	8.0	0.707597
516	-1	1	0.853162	2	0.868454	3	0.337986	4	0.452177	5	0.494321	6	0.296206	7	0.325236	8.0	0.707597
517	-1	1	0.809335	2	0.191855	3	0.141993	4	0.247614	5	0.834326	6	0.186676	7	0.142327	8.0	0.849789
518	1	1	0.909573	2	0.882066	3	0.287209	4	0.282103	5	0.764761	6	0.306908	7	0.337685	8.0	0.66263
519	-1	1	0.788264	2	0.882066	3	0.400952	4	0.41828	5	0.549174	6	0.436189	7	0.381718	8.0	0.5549
520	-1	1	0.883434	2	0.948572	3	0.0859277	4	0.690689	5	0.536737	6	0.235105	7	0.141684	8.0	0.801884
521	-1	1	0.874713	2	0.908975	3	0.322496	4	0.325287	5	0.656022	6	0.30362	7	0.0863814	8.0	0.801884
522	1	1	0.892922	2	0.868454	3	0.337986	4	0.452177	5	0.494321	6	0.192273	7	0.344068	8.0	0.7646
523	-1	1	0.844353	2	0.908975	3	0.23291	4	0.405593	5	0.656022	6	0.412907	7	0.381718	8.0	0.646592
524	1	1	0.88837	2	0.191855	3	0.177434	4	0.247614	5	0.834326	6	0.144403	7	0.215106	8.0	0.856478
525	-1	1	0.816196	2	0.868454	3	0.360926	4	0.121929	5	0.742941	6	0.38363	7	0.347179	8.0	0.608479
526	-1	1	0.887041	2	0.868454	3	0.223137	4	0.369926	5	0.742941	6	0.211648	7	0.222679	8.0	0.817465
527	-1	1	0.655803	2	0.0663361	3	0.133551	4	0.229427	5	0.811609	6	0.743742	7	0.55894	8.0	0.484891
528	1	1	0.907478	2	0.882066	3	0.300114	4	0.459023	5	0.56511	6	0.259316	7	0.337685	8.0	0.693646
529	-1	1	0.837834	2	0.854733	3	0.250684	4	0.376079	5	0.626775	6	0.325082	7	0.274407	8.0	0.716048
530	1	1	0.837834	2	0.171555	3	0.219459	4	0.512366	5	0.559044	6	0.159685	7	0.507811	8.0	0.60527
531	-1	1	0.768732	2	0.191855	3	0.318962	4	0.247614	5	0.643268	6	0.329422	7	0.482682	8.0	0.567783
532	1	1	0.922033	2	0.908975	3	0.322496	4	0.352079	5	0.656022	6	0.296206	7	0.240422	8.0	0.768503
533	-1	1	0.810889	2	0.171555	3	0.398528	4	0.724869	5	0.413339	6	0.159685	7	0.388361	8.0	0.691458
534	-1	1	0.788718	2	0.171555	3	0.291156	4	0.640034	5	0.510509	6	0.225958	7	0.268704	8.0	0.677109
535	1	1	0.905935	2	0.882066	3	0.327574	4	0.411884	5	0.603067	6	0.425535	7	0.280206	8.0	0.693646
536	-1	1	0.829649	2	0.882066	3	0.507788	4	0.438827	5	0.480716	6	0.330672	7	0.366408	8.0	0.631584
537	1	1	0.823792	2	0.191855	3	0.318962	4	0.332339	5	0.738861	6	0.329422	7	0.527177	8.0	0.471055
538	-1	1	0.863832	2	0.908975	3	0.131083	4	0.911717	5	0.357221	6	0.389603	7	0.325236	8.0	0.585491
539	1	1	0.875683	2	0.171555	3	0.219459	4	0.212527	5	0.946188	6	0.225958	7	0.4043	8.0	0.579374
540	-1	1	0.74903	2	0.109192	3	0.237969	4	0.173638	5	0.780962	6	0.443947	7	0.532119	8.0	0.666939
541	-1	1	0.797934	2	0.211919	3	0.136467	4	0.197994	5	0.866535	6	0.284358	7	0.339176	8.0	0.746761
542	1	1	0.938914	2	0.908975	3	0.32959	4	0.125301	5	0.780012	6	0.342944	7	0.296974	8.0	0.616054
543	-1	1	0.835591	2	0.854733	3	0.273861	4	0.403751	5	0.564062	6	0.283122	7	0.280206	8.0	0.755608
544	-1	1	0.834292	2	0.191855	3	0.389589	4	0.332339	5	0.547551	6	0.20677	7	0.206979	8.0	0.865194
545	1	1	0.72746	3	0.718843	4	0.470972	5	0.445984	6	0.107255	7	0.349023	8	0.760495		
546	1	1	0.82344	2	0.191855	3	0.223678	4	0.487275	5	0.499081	6	0.218552	7	0.393605	8.0	0.616054
547	-1	1	0.406213	2	0.0663361	3	0.75237	4	0.57322	5	0.465411	6	0.138133	7	0.206979	8.0	0.888834
548	1	1	0.830992	2	0.171555	3	0.248242	4	0.543208	5	0.547551	6	0.263444	7	0.584679	8.0	0.530413
549	-1	1	0.820588	2	0.908975	3	0.389589	4	0.378847	5	0.656022	6	0.296206	7	0.353483	8.0	0.646592
550	-1	1	0.835914	2	0.211919	3	0.17145	4	0.365291	5	0.72521	6	0.159685	7	0.388361	8.0	0.691458
551	-1	1	0.844656	2	0.826964	3	0.471872	4	0.444971	5	0.547551	6	0.230687	7	0.245887	8.0	0.777452
552	-1	1	0.79493	2	0.151015	3	0.318962	4	0.247614	5	0.882014	6	0.0811229	7	0.369512	8.0	0.83834
553	1	1	0.838468	2	0.171555	3	0.160341	4	0.411884	5	0.67027	6	0.412907	7	0.359132	8.0	0.579374
554	1	1	0.905352	2	0.882066	3	0.332737	4	0.363878	5	0.641647	6	0.163901	7	0.222679	8.0	0.817465
555	1	1	0.838785	2	0.171555	3	0.280324	4	0.403107	5	0.616569	6	0.263444	7	0.494551	8.0	0.628271
556	-1	1	0.781259	2	0.191855	3	0.38088	4	0.406982	5	0.678042	6	0.107255	7	0.259772	8.0	0.760495
557	-1	1	0.793622	2	0.882066	3	0.367235	4	0.459023	5	0.595425	6	0.425535	7	0.280206	8.0	0.693646
558	-1	1	0.828633	2	0.109192	3	0.575524	4	0.68071	5	0.443717	6	0.2078	7	0.137224	8.0	0.80284
559	-1	1	0.733007	2	0.171555	3	0.326972	4	0.512366	5	0.607547	6	0.255556	7	0.215106	8.0	0.760495
560	-1	1	0.851445	2	0.908975	3	0.384048	4	0.425915	5	0.557839	6	0.249392	7	0.296974	8.0	0.677109
561	1	1	0.843135	2	0.191855	3	0.354287	4	0.374621	5	0.547551	6	0.225958	7	0.188817	8.0	0.863246
562	1	1	0.906902	2	0.908975	3	0.206411	4	0.372874	5	0.678042	6	0.389603	7	0.240422	8.0	0.677109
563	1	1	0.85373	2	0.868454	3	0.42969	4	0.424783	5	0.494321	6	0.151458	7	0.375187	8.0	0.729505
564	-1	1	0.853446	2	0.882066	3	0.0954423	4	0.633729	5	0.538572	6	0.306908	7	0.280206	8.0	0.693646
565	1	1	0.905352	2	0.868454	3	0.337986	4	0.452177	5	0.494321	6	0.27281	7	0.353483	8.0	0.646592
566	-1	1	0.846758	2	0.895573	3	0.282426	4	0.222652	5	0.786208	6	0.221493	7	0.155502	8.0	0.862565
567	-1	1	0.611273	2	0.109192	3	0.834773	4	0.768969	5	0.139364	6	0.829141	7	0.766457	8.0	0.154963
568	1	1	0.813189	2	0.171555	3	0.318962	4	0.332339	5	0.738861	6	0.263444	7	0.449439	8.0	0.628271
569	-1	1	0.785968	2	0.151015	3	0.298902	4	0.394031	5	0.718203	6	0.225958	7	0.58733	8.0	0.475615
570	-1	1	0.863305	2	0.882066	3	0.309978	4	0.363878	5	0.641647	6	0.230687	7	0.188817	8.0	0.808114
571	1	1	0.862775	2	0.151015	3	0.273861	4	0.283672	5	0.689431	6	0.0811229	7	0.323707	8.0	0.690294
572	1	1	0.913118	2	0.908975	3	0.339693	4	0.106382	5	0.768067	6	0.296206	7	0.325236	8.0	0.677109
573	1	1	0.90457	2	0.895573	3	0.327574	4	0.384919	5	0.603067	6	0.225958	7	0.381718	8.0	0.677109
574	1	1	0.778355	2	0.191855	3	0.612636	4	0.561526	5	0.525445	6	0.329422	7	0.482682	8.0	0.567783
575	1	1	0.832322	2	0.171555	3	0.183572	4	0.469697	5	0.849591	6	0.225958	7	0.388361	8.0	0.648391
576	-1	1	0.84526	2	0.191855	3	0.283614	4	0.374621	5	0.69108	6	0.0595599	7	0.242597	8.0	0.920333
577	1	1	0.878552	2	0.34623	3	0.325691	4	0.420868	5	0.595425	6	0.2078	7	0.137224	8.0	0.80284
578	1	1	0.914219	2	0.908975	3	0.373231	4	0.569514	5	0.514059	6	0.27281	7	0.325236	8.0	0.677109
579	-1	1	0.828633	2	0.211919	3	0.17145	4	0.365291	5	0.72521	6	0.138133	7	0.339176	8.0	0.746761
580	-1	1	0.768206	2	0.231755	3	0.511366	4	0.386145	5	0.55408	6	0.168189	7	0.329582	8.0	0.780204
581	-1	1	0.655803	2	0.0663361	3	0.133551	4	0.229427	5	0.811609	6	0.743742	7	0.55894	8.0	0.484891
582	-1	1	0.482376	2	0.0878964	3	1.0	4	0.739783	5	0.145808	6	0.429841	7	0.515043	8.0	0.508771
583	-1	1	0.860636	2	0.895573	3	0.322496	4	0.378847	5	0.686299	6	0.207037	7	0.188817	8.0	0.808114
584	-1	1	0.751429	2	0.191855	3	0.354287	4	0.374621	5	0.547551	6	0.329422	7	0.482682	8.0	0.567783
585	-1	1	0.631125	2	0.171555	3	0.671181	4	0.794473	5	0.163438	6	0.487345	7	0.449439	8.0	0.481385
586	-1	1	0.804158	2	0.191855	3	0.283614	4	0.543208	5	0.403742	6	0.366283	7	0.349023	8.0	0.567783
587	-1	1	0.870764	2	0.922274	3	0.339693	4	0.425915	5	0.58791	6	0.221493	7	0.155502	8.0	0.862565
588	-1	1	0.784572	2	0.109192	3	0.24135	4	0.406982	5	0.583614	6	0.790853	7	0.344068	8.0	0.5651
589	-1	1	0.856811	2	0.908975	3	0.322496	4	0.378847	5	0.686299	6	0.225958	7	0.353483	8.0	0.677109
590	-1	1	0.49816	2	0.0878964	3	0.775415	4	0.379977	5	0.556995	6	0.320797	7	0.339176	8.0	0.746761
591	-1	1	0.855699	2	0.882066	3	0.332737	4	0.309385	5	0.672443	6	0.239791	7	0.28539	8.0	0.84076
592	1	1	0.841597	2	0.191855	3	0.212851	4	0.205168	5	0.977298	6	0.390977	7	0.428202	8.0	0.518881
593	-1	1	0.847945	2	0.171555	3	0.269106	4	0.397366	5	0.804965	7	0.359132	8	0.871815		
594	-1	1	0.816938	2	0.882066	3	0.309978	4	0.282103	5	0.734004	6	0.366283	7	0.353483	8.0	0.677109
595	1	1	0.898357	2	0.868454	3	0.339693	4	0.0796113	5	0.708064	6	0.168189	7	0.373032	8.0	0.7646
596	-1	1	0.797082	2	0.151015	3	0.283614	4	0.290002	5	0.595425	6	0.648638	7	0.689277	8.0	0.292635
597	1	1	0.847945	2	0.882066	3	0.469084	4	0.769717	5	0.240093	6	0.262832	7	0.0625712	8.0	0.780971
598	-1	1	0.794059	2	0.211919	3	0.269106	4	0.397366	5	0.804965	6	0.320797	7	0.427166	8.0	0.651746
599	-1	1	0.851156	2	0.798742	3	0.245717	4	0.43041	5	0.660346	6	0.163901	7	0.222679	8.0	0.817465
600	-1	1	0.780779	2	0.191855	3	0.389589	4	0.332339	5	0.547551	6	0.192839	7	0.46802	8.0	0.518881
601	-1	1	0.717942	2	0.211919	3	0.413251	4	0.449601	5	0.499081	6	0.284358	7	0.339176	8.0	0.699283
602	-1	1	0.84526	2	0.882066	3	0.400952	4	0.41828	5	0.549174	6	0.296206	7	0.268704	8.0	0.738061
603	-1	1	0.878552	2	0.868454	3	0.223137	4	0.149577	5	0.835958	6	0.296206	7	0.381718	8.0	0.616054
604	1	1	0.847945	2	0.151015	3	0.262587	4	0.394031	5	0.767254	6	0.300884	7	0.494551	8.0	0.579374
605	1	1	0.85202	2	0.171555	3	0.389589	4	0.374621	5	0.595425	6	0.150835	7	0.449439	8.0	0.871815
606	-1	1	0.90457	2	0.908975	3	0.25532	4	0.378847	5	0.656022	6	0.225958	7	0.353483	8.0	0.677109
607	-1	1	0.82344	2	0.908975	3	0.45051	4	0.399407	5	0.557839	6	0.249392	7	0.325236	8.0	0.677109
608	1	1	0.912749	2	0.882066	3	0.344869	4	0.459023	5	0.56511	6	0.211648	7	0.222679	8.0	0.817465
609	-1	1	0.863569	2	0.908975	3	0.273094	4	0.133127	5	0.768067	6	0.225958	7	0.325236	8.0	0.707597
610	-1	1	0.815824	2	0.895573	3	0.485292	4	0.330918	5	0.603067	6	0.225958	7	0.325236	8.0	0.707597
611	1	1	0.864881	2	0.171555	3	0.219459	4	0.212527	5	0.946188	6	0.338273	7	0.132838	8.0	0.725879
612	-1	1	0.827952	2	0.882066	3	0.309978	4	0.282103	5	0.734004	6	0.389603	7	0.353483	8.0	0.5549
613	-1	1	0.872999	2	0.882066	3	0.290571	4	0.102652	5	0.759216	6	0.283122	7	0.280206	8.0	0.755608
614	-1	1	0.875924	2	0.908975	3	0.356603	4	0.0495271	5	0.759216	6	0.225958	7	0.296974	8.0	0.768503
615	-1	1	0.714099	2	0.151015	3	0.17145	4	0.323547	5	0.678042	6	0.648638	7	0.689277	8.0	0.292635
616	-1	1	0.799621	2	0.171555	3	0.147665	4	0.469697	5	0.607547	6	0.142716	7	0.129747	8.0	0.989148
617	1	1	0.885249	2	0.868454	3	0.200138	4	0.397366	5	0.742941	6	0.337345	7	0.40318	8.0	0.578159
618	1	1	0.841906	2	0.211919	3	0.45051	4	0.53174	5	0.489065	6	0.0647407	7	0.206979	8.0	0.841536
619	-1	1	0.854577	2	0.854733	3	0.273861	4	0.292925	5	0.689431	6	0.38363	7	0.347179	8.0	0.608479
620	-1	1	0.821664	2	0.191855	3	0.318962	4	0.247614	5	0.643268	6	0.174759	7	0.118706	8.0	0.888834
621	-1	1	0.81166	2	0.826964	3	0.471872	4	0.444971	5	0.547551	6	0.389603	7	0.325236	8.0	0.585491
622	1	1	0.934884	2	0.908975	3	0.27772	4	0.352079	5	0.686299	6	0.202504	7	0.268704	8.0	0.768503
623	1	1	0.898357	2	0.868454	3	0.269106	4	0.149577	5	0.804965	6	0.337345	7	0.40318	8.0	0.578159
624	-1	1	0.828633	2	0.895573	3	0.327574	4	0.384919	5	0.633621	6	0.230687	7	0.188817	8.0	0.808114
625	-1	1	0.787808	2	0.191855	3	0.283614	4	0.374621	5	0.738861	6	0.192839	7	0.348498	8.0	0.691458
626	-1	1	0.847352	2	0.882066	3	0.367235	4	0.405593	5	0.686299	6	0.235494	7	0.30895	8.0	0.693646
627	-1	1	0.868492	2	0.908975	3	0.300114	4	0.217906	5	0.625728	6	0.249392	7	0.296974	8.0	0.677109
628	-1	1	0.751429	2	0.191855	3	0.354287	4	0.543208	5	0.499646	6	0.284781	7	0.418475	8.0	0.552054
629	-1	1	0.814701	2	0.171555	3	0.147665	4	0.341364	5	0.752868	6	0.45015	7	0.719653	8.0	0.333922
630	-1	1	0.865663	2	0.882066	3	0.264434	4	0.282103	5	0.764761	6	0.202504	7	0.268704	8.0	0.768503
631	-1	1	0.753788	2	0.151015	3	0.280324	4	0.403107	5	0.616569	6	0.309478	7	0.369512	8.0	0.690294
632	-1	1	0.800457	2	0.191855	3	0.318962	4	0.332339	5	0.69108	6	0.225958	7	0.188817	8.0	0.863246
633	-1	1	0.828633	2	0.895573	3	0.350132	4	0.384919	5	0.633621	6	0.319583	7	0.325236	8.0	0.616054
634	-1	1	0.800457	2	0.151015	3	0.117076	4	0.394031	5	0.816277	6	0.113201	7	0.449439	8.0	0.628271
635	-1	1	0.753788	2	0.171555	3	0.35765	4	0.344427	5	0.595425	6	0.225958	7	0.313931	8.0	0.823234
636	-1	1	0.804968	2	0.364596	3	0.181098	4	0.357619	5	0.689431	6	0.12649	7	0.388361	8.0	0.648391
637	-1	1	0.601049	2	0.151015	3	0.262587	4	0.307175	5	0.767254	6	0.646691	7	0.86543	8.0	0.22118
638	-1	1	0.835591	2	0.882066	3	0.27772	4	0.352079	5	0.686299	6	0.259316	7	0.337685	8.0	0.693646
639	-1	1	0.864881	2	0.895573	3	0.389589	4	0.352079	5	0.625728	6	0.230687	7	0.188817	8.0	0.808114
640	1	1	0.897535	2	0.882066	3	0.423673	4	0.0905035	5	0.856964	6	0.360498	7	0.40318	8.0	0.578159
641	-1	1	0.836236	2	0.895573	3	0.507788	4	0.411884	5	0.480716	6	0.249392	7	0.296974	8.0	0.677109
642	-1	1	0.810503	2	0.908975	3	0.400579	4	0.367	5	0.550692	6	0.319583	7	0.438158	8.0	0.585491
643	1	1	0.842214	2	0.171555	3	0.291156	4	0.255531	5	0.752868	6	0.174759	7	0.55894	8.0	0.604148
644	-1	1	0.816938	2	0.826964	3	0.471872	4	0.444971	5	0.547551	6	0.283122	7	0.366408	8.0	0.66263
645	-1	1	0.85901	2	0.895573	3	0.327574	4	0.303886	5	0.72521	6	0.348631	7	0.359892	8.0	0.623756
646	-1	1	0.867982	2	0.895573	3	0.259839	4	0.303886	5	0.755717	6	0.151458	7	0.375187	8.0	0.729505
647	1	1	0.805772	2	0.151015	3	0.160341	4	0.374124	5	0.67027	6	0.611152	7	0.780365	8.0	0.242633
648	-1	1	0.85901	2	0.882066	3	0.423673	4	0.282103	5	0.610834	6	0.296206	7	0.353483	8.0	0.707597
649	-1	1	0.420021	2	0.109192	3	0.262587	4	0.610172	5	0.619998	6	0.790853	7	0.344068	8.0	0.5651
650	-1	1	0.806172	2	0.231755	3	0.165623	4	0.273707	5	0.851451	6	0.225958	7	0.381718	8.0	0.636418
651	-1	1	0.852306	2	0.908975	3	0.295302	4	0.133127	5	0.678042	6	0.389603	7	0.325236	8.0	0.585491
652	-1	1	0.880432	2	0.882066	3	0.423673	4	0.282103	5	0.610834	6	0.187786	7	0.193895	8.0	0.848354
653	1	1	0.842522	2	0.191855	3	0.269106	4	0.397366	5	0.804965	6	0.218552	7	0.393605	8.0	0.616054
654	1	1	0.81914	2	0.171555	3	0.291156	4	0.426976	5	0.656022	6	0.487345	7	0.268704	8.0	0.579374
655	-1	1	0.87201	2	0.895573	3	0.344869	4	0.352079	5	0.656022	6	0.277922	7	0.16026	8.0	0.777452
656	1	1	0.75782	2	0.109192	3	0.354287	4	0.374621	5	0.547551	6	0.790853	7	0.85997	8.0	0.154963
657	1	1	0.917826	2	0.882066	3	0.309978	4	0.282103	5	0.764761	6	0.283122	7	0.251447	8.0	0.755608
658	-1	1	0.784104	2	0.171555	3	0.291156	4	0.640034	5	0.510509	6	0.12649	7	0.388361	8.0	0.648391
659	-1	1	0.8391	2	0.895573	3	0.350132	4	0.303886	5	0.694694	6	0.314176	7	0.319163	8.0	0.729505
660	1	1	0.876885	2	0.191855	3	0.177434	4	0.205168	5	0.977298	6	0.107255	7	0.259772	8.0	0.808519
661	-1	1	0.67467	2	0.109192	3	0.797813	4	0.856991	5	0.139364	6	0.225958	7	0.381718	8.0	0.636418
662	1	1	0.833966	2	0.151015	3	0.111733	4	0.554976	5	0.559044	6	0.309478	7	0.369512	8.0	0.690294
663	1	1	0.822377	2	0.0223949	3	0.219459	4	0.212527	5	0.946188	6	0.530499	7	0.58733	8.0	0.45396
664	1	1	0.920645	2	0.908975	3	0.322496	4	0.271642	5	0.746821	6	0.225958	7	0.296974	8.0	0.738061
665	-1	1	0.795795	2	0.191855	3	0.212851	4	0.374621	5	0.69108	6	0.204309	7	0.373032	8.0	0.733376
666	1	1	0.844958	2	0.171555	3	0.354287	4	0.416849	5	0.547551	6	0.375613	7	0.0874905	8.0	0.774586
667	-1	1	0.851156	2	0.908975	3	0.295302	4	0.133127	5	0.678042	6	0.412907	7	0.381718	8.0	0.646592
668	-1	1	0.828633	2	0.908975	3	0.339693	4	0.346323	5	0.708064	6	0.436189	7	0.381718	8.0	0.5549
669	1	1	0.87973	2	0.191855	4	0.374621	5	0.738861	6	0.284781	7	0.418475	8	0.552054		
670	1	1	0.838152	2	0.191855	3	0.354287	4	0.374621	5	0.547551	6	0.12649	7	0.308614	8.0	0.734479
671	-1	1	0.41329	2	0.151015	3	0.732821	4	0.567059	5	0.275244	6	0.165606	7	0.276782	8.0	0.833649
672	-1	1	0.809335	2	0.171555	3	0.25532	4	0.341364	5	0.801248	6	0.403097	7	0.393605	8.0	0.51945
673	1	1	0.912564	2	0.908975	3	0.344869	4	0.352079	5	0.656022	6	0.319583	7	0.325236	8.0	0.677109
674	1	1	0.79493	2	0.151015	3	0.262587	4	0.610172	5	0.619998	6	0.309913	7	0.253099	8.0	0.668693
675	-1	1	0.876406	2	0.908975	3	0.289181	4	0.414854	5	0.717044	6	0.202504	7	0.296974	8.0	0.768503
676	-1	1	0.617691	2	0.109192	3	0.797813	4	0.768969	5	0.0885151	6	0.790853	7	0.766457	8.0	0.103379
677	1	1	0.928608	2	0.908975	3	0.312589	4	0.155694	5	0.610329	6	0.225958	7	0.353483	8.0	0.677109
678	-1	1	0.852306	2	0.854733	3	0.273861	4	0.292925	5	0.689431	6	0.325082	7	0.388361	8.0	0.623756
679	-1	1	0.861977	2	0.882066	3	0.355484	4	0.309385	5	0.70323	6	0.225958	7	0.353483	8.0	0.677109
680	-1	1	0.80537	2	0.211919	3	0.298078	4	0.239898	5	0.678042	6	0.138133	7	0.339176	8.0	0.699283
681	-1	1	0.758387	2	0.191855	3	0.283614	4	0.543208	5	0.403742	6	0.329422	7	0.393605	8.0	0.567783
682	-1	1	0.828633	2	0.987285	3	0.389589	4	0.383862	5	0.623834	6	0.221493	7	0.155502	8.0	0.862565
683	-1	1	0.752023	2	0.191855	3	0.236985	4	0.239898	5	0.843001	6	0.292513	7	0.393605	8.0	0.760495
684	-1	1	0.798357	2	0.191855	3	0.101461	4	0.365291	5	0.72521	6	0.329422	7	0.349023	8.0	0.567783
685	-1	1	0.838468	2	0.171555	3	0.398528	4	0.212527	5	0.656022	6	0.375613	7	0.178155	8.0	0.677109
686	-1	1	0.777373	2	0.191855	3	0.354287	4	0.374621	5	0.547551	6	0.218552	7	0.393605	8.0	0.664263
687	-1	1	0.842829	2	0.854733	3	0.0661651	4	0.708696	5	0.519033	6	0.245355	7	0.262853	8.0	0.71075
688	1	1	0.873736	2	0.908975	3	0.478917	4	0.405593	5	0.625728	6	0.366283	7	0.353483	8.0	0.616054
689	-1	1	0.835267	2	0.868454	3	0.360926	4	0.342463	5	0.494321	6	0.225958	7	0.296974	8.0	0.677109
690	-1	1	0.819503	2	0.211919	3	0.24135	4	0.281749	5	0.772349	6	0.192839	7	0.388361	8.0	0.648391
691	-1	1	0.745971	2	0.191855	3	0.424868	4	0.543208	5	0.451709	6	0.181503	7	0.349023	8.0	0.664263
692	-1	1	0.798357	2	0.882066	3	0.4566	4	0.43232	5	0.595425	6	0.306908	7	0.337685	8.0	0.66263
693	1	1	0.824844	2	0.191855	3	0.389589	4	0.214398	5	0.634951	6	0.403097	7	0.393605	8.0	0.51945
694	-1	1	0.784104	2	0.191855	3	0.318962	4	0.247614	5	0.643268	6	-0.0044778	7	0.304412	8.0	0.856478
695	-1	1	0.897947	2	0.882066	3	0.218851	4	0.227475	5	0.826241	6	0.207037	7	0.188817	8.0	0.808114
696	1	1	0.842214	2	0.171555	3	0.219459	4	0.212527	5	0.752868	6	0.390977	7	0.428202	8.0	0.518881
697	-1	1	0.891636	2	0.895573	3	0.259839	4	0.276828	5	0.755717	6	0.296206	7	0.353483	8.0	0.646592
698	1	1	0.87784	2	0.868454	3	0.42969	4	0.424783	5	0.494321	6	0.225958	7	0.353483	8.0	0.677109
699	-1	1	0.865142	2	0.908975	3	0.300114	4	0.217906	5	0.716565	6	0.319583	7	0.325236	8.0	0.616054
700	-1	1	0.793183	2	0.908975	3	0.545818	4	0.43232	5	0.504438	6	0.319583	7	0.438158	8.0	0.585491
701	-1	1	0.767678	2	0.151015	3	0.261721	4	0.420868	5	0.595425	6	0.309478	7	0.369512	8.0	0.690294
702	1	1	0.861442	2	0.151015	3	0.10653	4	0.205168	5	0.882014	6	0.271543	7	0.369512	8.0	0.739709
703	-1	1	0.829986	2	0.908975	3	0.400579	4	0.367	5	0.550692	6	0.319583	7	0.325236	8.0	0.616054
704	-1	1	0.845861	2	0.191855	3	0.0355331	4	0.416849	5	0.69108	6	0.144403	7	0.393605	8.0	0.616054
705	-1	1	0.823087	2	0.211919	3	0.206411	4	0.114025	5	0.960601	6	0.142716	7	0.129747	8.0	0.989148
706	-1	1	0.826579	2	0.882066	3	0.367235	4	0.459023	5	0.595425	6	0.283122	7	0.251447	8.0	0.786548
707	-1	1	0.785039	2	0.231755	3	0.304745	4	0.394529	5	0.605878	6	0.204309	7	0.286102	8.0	0.826971
708	-1	1	0.844958	2	0.895573	3	0.507788	4	0.411884	5	0.480716	6	0.230687	7	0.274407	8.0	0.746761
709	-1	1	0.76501	2	0.191855	3	0.267538	4	0.313101	5	0.801795	6	0.255556	7	0.393605	8.0	0.567783
710	-1	1	0.794495	2	0.171555	3	0.206411	4	0.281749	5	0.772349	6	0.263444	7	0.359132	8.0	0.628271
711	-1	1	0.73436	2	0.171555	3	0.291156	4	0.384199	5	0.801248	6	0.218552	7	0.304412	8.0	0.760495
712	1	1	0.92443	2	0.882066	3	0.361874	4	0.346323	5	0.617965	6	0.235494	7	0.30895	8.0	0.693646
713	-1	1	0.820948	2	0.895573	3	0.322496	4	0.405593	5	0.625728	6	0.301513	7	0.331406	8.0	0.623756
714	-1	1	0.873245	2	0.784457	3	0.202003	4	0.495073	5	0.603616	6	0.319583	7	0.296974	8.0	0.707597
715	-1	1	0.810889	2	0.171555	3	0.141993	4	0.290002	5	0.738861	6	0.375613	7	0.0874905	8.0	0.774586
716	1	1	0.909384	2	0.882066	3	0.344869	4	0.43232	5	0.595425	6	0.259316	7	0.337685	8.0	0.693646
717	1	1	0.829311	2	0.191855	3	0.177434	4	0.459023	5	0.738861	6	0.213019	7	0.370037	8.0	0.584434
718	-1	1	0.685633	2	0.171555	3	0.269106	4	0.397366	5	0.804965	6	0.487345	7	0.449439	8.0	0.481385
719	1	1	0.89356	2	0.211919	3	0.206411	4	0.197994	5	0.819457	6	0.174759	7	0.162857	8.0	0.841536
720	-1	1	0.595639	3	0.354287	4	0.374621	5	0.547551	6	0.708962	7	0.450786	8	0.465273		
721	1	1	0.925444	2	0.895573	3	0.23724	4	0.303886	5	0.755717	6	0.30362	7	0.0863814	8.0	0.801884
722	-1	1	0.838468	2	0.882066	3	0.327574	4	0.384919	5	0.633621	6	0.211648	7	0.251447	8.0	0.786548
723	1	1	0.850867	2	0.171555	3	0.19202	4	0.411884	5	0.67027	6	0.375613	7	0.0874905	8.0	0.774586
724	-1	1	0.918713	2	0.948572	3	0.131083	5	1.0	6	0.30362	7	0.0863814	8	0.801884		
725	-1	1	0.753202	2	0.191855	3	0.24135	4	0.281749	5	0.772349	6	0.329422	7	0.482682	8.0	0.567783
726	-1	1	0.778843	2	0.171555	3	0.248242	4	0.416849	5	0.643268	6	0.188422	7	0.223446	8.0	0.774586
727	1	1	0.910702	2	0.882066	3	0.378224	4	0.309385	5	0.610834	6	0.330672	7	0.366408	8.0	0.631584
728	1	1	0.910515	2	0.895573	3	0.305003	4	0.357928	5	0.664166	6	0.296206	7	0.353483	8.0	0.707597
729	-1	1	0.753202	2	0.171555	3	0.147665	4	0.469697	5	0.607547	6	0.270681	7	0.206979	8.0	0.699283
730	-1	1	0.684672	2	0.151015	3	0.732821	4	0.567059	5	0.275244	6	0.168189	7	0.199062	8.0	0.920333
731	1	1	0.870011	2	0.868454	3	0.42969	4	0.424783	5	0.494321	6	0.261379	7	0.391498	8.0	0.738543
732	1	1	0.84526	2	0.191855	3	0.389589	4	0.374621	5	0.547551	6	0.329422	7	0.349023	8.0	0.567783
733	-1	1	0.752613	2	0.171555	3	0.354287	4	0.374621	5	0.547551	6	0.263444	7	0.449439	8.0	0.628271
734	1	1	0.837516	2	0.13023	3	0.196356	4	0.44805	5	0.682569	6	0.255556	7	0.215106	8.0	0.760495
735	1	1	0.899987	2	0.922274	3	0.0859277	4	0.690689	5	0.536737	6	0.337345	7	0.40318	8.0	0.578159
736	-1	1	0.762837	2	0.211919	3	0.415706	4	0.490206	5	0.489065	6	0.393539	7	0.471119	8.0	0.508771
737	-1	1	0.640738	2	0.191855	3	0.354287	4	0.374621	5	0.547551	6	0.329422	7	0.527177	8.0	0.51945
738	1	1	0.815824	2	0.171555	3	0.0397957	4	0.512366	5	0.704461	6	0.292513	7	0.304412	8.0	0.71241
739	-1	1	0.782214	2	0.151015	3	0.262587	4	0.307175	5	0.767254	6	0.211339	7	0.427166	8.0	0.55649
740	1	1	0.855139	2	0.171555	3	0.219459	4	0.341364	5	0.704461	6	0.403097	7	0.438158	8.0	0.567783
741	-1	1	0.861442	2	0.882066	3	0.339693	4	0.0796113	5	0.708064	6	0.378143	7	0.165103	8.0	0.786548
742	-1	1	0.804158	2	0.191855	3	0.389589	4	0.374621	5	0.547551	6	0.366283	7	0.349023	8.0	0.567783
743	1	1	0.909384	2	0.908975	3	0.27772	4	0.271642	5	0.746821	6	0.296206	7	0.353483	8.0	0.707597
744	-1	1	0.889686	2	0.908975	3	0.434273	4	0.405593	5	0.625728	6	0.139612	8	0.969181		
745	-1	1	0.833311	2	0.882066	3	0.300114	4	0.217906	5	0.625728	6	0.283122	7	0.251447	8.0	0.755608
746	1	1	0.869	2	0.908975	3	0.545818	4	0.43232	5	0.504438	6	0.337345	7	0.40318	8.0	0.608479
747	-1	1	0.840666	2	0.854733	3	0.366462	4	0.431397	5	0.532689	6	0.436189	7	0.409946	8.0	0.524287
748	-1	1	0.61452	2	0.0878964	3	0.925242	4	0.425171	5	0.300271	6	0.277652	7	0.135966	8.0	0.836642
749	-1	1	0.76063	2	0.191855	3	0.248242	4	0.416849	5	0.643268	6	0.309913	7	0.253099	8.0	0.668693
750	-1	1	0.76501	2	0.191855	3	0.354287	4	0.543208	5	0.499646	6	0.138133	7	0.339176	8.0	0.699283
751	-1	1	0.707718	2	0.151015	3	0.262587	4	0.394031	5	0.767254	6	0.284358	7	0.339176	8.0	0.746761
752	-1	1	0.72746	2	0.171555	3	0.283614	4	0.332339	5	0.69108	6	0.375613	7	0.494551	8.0	0.579374
753	1	1	0.923919	2	0.908975	3	0.300114	4	0.271642	5	0.595425	6	0.225958	7	0.268704	8.0	0.738061
754	-1	1	0.834618	2	0.895573	3	0.305003	4	0.357928	5	0.664166	6	0.314176	7	0.375187	8.0	0.608479
755	1	1	0.837834	2	0.191855	3	0.354287	4	0.459023	5	0.547551	6	0.329422	7	0.438158	8.0	0.567783
756	1	1	0.848534	2	0.171555	3	0.24135	4	0.448621	5	0.536355	6	0.225958	7	0.223446	8.0	0.774586
757	-1	1	0.859282	2	0.854733	3	0.273861	4	0.209561	5	0.783317	6	0.337345	7	0.319163	8.0	0.63877
758	-1	1	0.82344	2	0.151015	3	0.248242	4	0.332339	5	0.738861	6	0.760808	7	0.461026	8.0	0.392445
759	-1	1	0.810503	2	0.882066	3	0.423673	4	0.0905035	5	0.856964	6	0.225958	7	0.268704	8.0	0.768503
760	1	1	0.780298	2	0.151015	3	0.262587	4	0.35063	5	0.767254	6	0.856676	7	0.809489	8.0	0.0868593
761	1	1	0.914948	2	0.868454	3	0.360926	4	0.121929	5	0.742941	6	0.211648	7	0.222679	8.0	0.817465
762	-1	1	0.832322	2	0.854733	3	0.327574	4	0.357928	5	0.603067	6	0.245355	7	0.262853	8.0	0.71075
763	1	1	0.948075	2	0.895573	3	0.237969	4	0.199686	5	0.829711	6	0.277922	7	0.274407	8.0	0.716048
764	1	1	0.848828	2	0.211919	3	0.206411	4	0.365291	5	0.72521	6	0.204309	7	0.373032	8.0	0.733376
765	-1	1	0.580077	2	0.109192	3	0.834773	4	0.768969	5	0.139364	6	0.233561	7	0.323707	8.0	0.789055
766	-1	1	0.762837	2	0.211919	3	0.337986	4	0.273707	5	0.711909	6	0.357191	7	0.383185	8.0	0.651746
767	1	1	0.921167	2	0.895573	3	0.485292	4	0.438827	5	0.419468	6	0.221307	7	0.291136	8.0	0.729505
768	1	1	0.911077	2	0.895573	3	0.322496	4	0.325287	5	0.80729	6	0.277922	7	0.188817	8.0	0.838752
769	-1	1	0.85901	2	0.895573	3	0.372681	4	0.384919	5	0.603067	6	0.225958	7	0.353483	8.0	0.677109
770	-1	1	0.851732	2	0.882066	3	0.332737	4	0.336641	5	0.672443	6	0.207037	7	0.16026	8.0	0.838752
771	-1	1	0.73834	2	0.191855	3	0.248242	4	0.416849	5	0.643268	6	0.429841	7	0.515043	8.0	0.508771
772	-1	1	0.816938	2	0.895573	3	0.367235	4	0.378847	5	0.686299	6	0.348631	7	0.359892	8.0	0.623756
773	-1	1	0.738992	2	0.151015	3	0.262587	4	0.394031	5	0.767254	6	0.211339	7	0.162857	8.0	0.888834
774	1	1	0.85764	2	0.231755	3	0.335612	4	0.283672	5	0.647666	6	0.168189	7	0.199062	8.0	0.920333
775	-1	1	0.857364	2	0.882066	3	0.264434	4	0.309385	5	0.734004	6	0.412907	7	0.381718	8.0	0.646592
776	-1	1	0.90767	2	0.935473	3	0.356603	4	0.0495271	5	0.759216	6	0.0615576	7	0.0706983	8.0	0.939421
777	-1	1	0.794059	2	0.191855	3	0.136467	4	0.323547	5	0.772349	6	0.218552	7	0.259772	8.0	0.71241
778	-1	1	0.776384	2	0.191855	3	0.177434	4	0.205168	5	0.977298	6	0.132026	7	0.242597	8.0	0.873683
779	-1	1	0.785039	2	0.191855	3	0.248242	4	0.332339	5	0.738861	6	0.12649	7	0.308614	8.0	0.734479
780	-1	1	0.845561	2	0.171555	3	0.133551	4	0.382668	5	0.768422	6	0.338273	7	0.0421098	8.0	0.823234
781	1	1	0.906516	2	0.908975	3	0.322496	4	0.0291398	5	0.777062	6	0.436189	7	0.409946	8.0	0.524287
782	1	1	0.857364	2	0.191855	3	0.354287	4	0.543208	5	0.499646	6	0.218552	7	0.393605	8.0	0.664263
783	-1	1	0.75668	2	0.191855	3	0.389589	4	0.332339	5	0.547551	6	0.366283	7	0.304412	8.0	0.616054
784	-1	1	0.735699	2	0.151015	3	0.267538	4	0.276522	5	0.636747	6	0.611152	7	0.780365	8.0	0.242633
785	1	1	0.93154	2	0.908975	3	0.246503	4	0.155694	5	0.907803	6	0.225958	7	0.268704	8.0	0.738061
786	-1	1	0.819866	2	0.908975	3	0.344869	4	0.352079	5	0.656022	6	0.296206	7	0.325236	8.0	0.677109
787	-1	1	0.790522	2	0.171555	3	0.337986	4	0.602439	5	0.572107	6	0.263444	7	0.449439	8.0	0.677109
788	-1	1	0.701882	2	0.171555	3	0.398528	4	0.597531	5	0.607547	6	0.174759	7	0.427166	8.0	0.651746
789	-1	1	0.746588	2	0.191855	3	0.354287	4	0.374621	5	0.547551	6	0.393539	7	0.471119	8.0	0.508771
790	1	1	0.901799	2	0.854733	3	0.297024	4	0.292925	5	0.689431	6	0.249392	7	0.325236	8.0	0.677109
791	-1	1	0.869506	2	0.908975	3	0.300114	4	0.217906	5	0.625728	6	0.337345	7	0.40318	8.0	0.578159
792	-1	1	0.840354	2	0.908975	3	0.25532	4	0.405593	5	0.656022	6	0.319583	7	0.268704	8.0	0.677109
793	-1	1	0.773374	2	0.191855	3	0.212851	4	0.416849	5	0.69108	6	0.255556	7	0.393605	8.0	0.567783
794	-1	1	0.80537	2	0.191855	3	0.212851	4	0.416849	5	0.69108	6	0.218552	7	0.259772	8.0	0.71241
795	-1	1	0.807763	2	0.151015	3	0.0397957	4	0.384199	5	0.849591	6	0.34736	7	0.552418	8.0	0.591273
796	-1	1	0.841287	2	0.908975	3	0.339693	4	0.106382	5	0.768067	6	0.319583	7	0.381718	8.0	0.616054
797	-1	1	0.804158	2	0.895573	3	0.389589	4	0.383862	5	0.623834	6	0.325082	7	0.359892	8.0	0.654544
798	-1	1	0.885699	2	0.882066	3	0.287209	4	0.282103	5	0.734004	6	0.0615576	7	0.0706983	8.0	0.939421
799	1	1	0.840042	2	0.171555	3	0.248242	4	0.332339	5	0.69108	6	0.225958	7	0.268704	8.0	0.677109
800	-1	1	0.863305	2	0.908975	3	0.361874	4	0.346323	5	0.617965	6	0.296206	7	0.353483	8.0	0.646592
801	1	1	0.831325	2	0.171555	3	0.354287	4	0.543208	5	0.499646	6	0.263444	7	0.449439	8.0	0.677109
802	1	1	0.830992	2	0.191855	3	0.318962	4	0.247614	5	0.643268	6	0.138133	7	0.339176	8.0	0.746761
803	1	1	0.873981	2	0.191855	3	0.283614	4	0.416849	5	0.547551	6	0.255556	7	0.393605	8.0	0.567783
804	-1	1	0.865403	2	0.882066	3	0.317501	4	0.0796113	5	0.768067	6	0.259316	7	0.337685	8.0	0.693646
805	1	1	0.864881	2	0.191855	3	0.0664322	4	0.281749	5	0.819457	6	0.292513	7	0.304412	8.0	0.616054
806	-1	1	0.801702	2	0.191855	3	0.318962	4	0.332339	5	0.69108	6	0.159685	7	0.268704	8.0	0.820372
807	-1	1	0.799621	2	0.908975	3	0.428366	4	0.372874	5	0.557839	6	0.342944	7	0.325236	8.0	0.616054
808	-1	1	0.889904	2	0.895573	3	0.305003	4	0.222652	5	0.816686	6	0.277922	7	0.16026	8.0	0.777452
809	-1	1	0.752023	2	0.211919	3	0.206411	4	0.323547	5	0.678042	6	0.247871	7	0.471119	8.0	0.55649
810	-1	1	0.841287	2	0.895573	3	0.327574	4	0.357928	5	0.603067	6	0.360498	7	0.40318	8.0	0.578159
811	1	1	0.917826	2	0.895573	3	0.40621	4	0.372874	5	0.557839	6	0.277922	7	0.16026	8.0	0.777452
812	-1	1	0.777865	2	0.171555	3	0.219459	4	0.512366	5	0.607547	6	0.12649	7	0.308614	8.0	0.734479
813	-1	1	0.837197	2	0.211919	3	0.17145	4	0.323547	5	0.678042	6	0.2078	7	0.137224	8.0	0.80284
814	1	1	0.89228	2	0.895573	3	0.350132	4	0.195527	5	0.72521	6	0.27281	7	0.381718	8.0	0.707597
815	1	1	0.840042	2	0.191855	3	0.424868	4	0.543208	5	0.451709	6	0.168189	7	0.199062	8.0	0.920333
816	-1	1	0.833311	2	0.151015	3	0.153489	4	0.176455	5	0.91422	6	0.188422	7	0.223446	8.0	0.774586
817	-1	1	0.844656	2	0.908975	3	0.322496	4	0.405593	5	0.595425	6	0.174759	7	0.347179	8.0	0.699283
818	-1	1	0.815824	2	0.191855	3	0.283614	4	0.416849	5	0.547551	6	0.255556	7	0.393605	8.0	0.567783
819	-1	1	0.861174	2	0.922274	3	0.428366	4	0.425915	5	0.58791	6	0.0615576	7	0.0706983	8.0	0.939421
820	-1	1	0.768206	2	0.191855	3	0.165623	4	0.273707	5	0.851451	6	0.144403	7	0.393605	8.0	0.616054
821	-1	1	0.861442	2	0.908975	3	0.367235	4	0.405593	5	0.686299	6	0.151458	7	0.375187	8.0	0.729505
822	-1	1	0.845561	2	0.854733	3	0.273861	4	0.403751	5	0.564062	6	0.277922	7	0.16026	8.0	0.777452
823	-1	1	0.836236	2	0.895573	3	0.395224	4	0.438827	5	0.572496	6	0.225958	7	0.353483	8.0	0.677109
824	-1	1	0.801288	2	0.171555	3	0.200138	4	0.356199	5	0.804965	7	0.53963	8	0.677109		
825	1	1	0.840042	2	0.171555	3	0.285186	4	0.33422	5	0.736737	6	0.225958	7	0.4043	8.0	0.579374
826	1	1	0.928278	2	0.868454	3	0.360926	4	0.342463	5	0.494321	6	0.30362	7	0.0863814	8.0	0.801884
827	-1	1	0.827952	2	0.895573	3	0.327574	4	0.384919	5	0.633621	6	0.225958	7	0.296974	8.0	0.738061
828	1	1	0.874713	2	0.211919	3	0.136467	4	0.197994	5	0.866535	6	0.211339	7	0.162857	8.0	0.888834
829	-1	1	0.790073	2	0.882066	3	0.469084	4	0.769717	5	0.240093	6	0.225958	7	0.268704	8.0	0.768503
830	1	1	0.794495	2	0.171555	3	0.177434	4	0.459023	5	0.738861	6	0.487345	7	0.449439	8.0	0.481385
831	1	1	0.915492	2	0.868454	3	0.223137	4	0.369926	5	0.742941	6	0.249392	7	0.296974	8.0	0.677109
832	-1	1	0.85202	2	0.868454	3	0.4566	4	0.43232	5	0.595425	6	0.216337	7	0.111911	8.0	0.826971
833	-1	1	0.831325	2	0.868454	3	0.315035	4	0.369926	5	0.494321	6	0.27281	7	0.353483	8.0	0.646592
834	-1	1	0.789623	2	0.191855	3	0.25532	4	0.600035	5	0.456225	6	0.218552	7	0.259772	8.0	0.71241
835	-1	1	0.857364	2	0.868454	3	0.383857	4	0.397366	5	0.432035	6	0.225958	7	0.325236	8.0	0.707597
836	-1	1	0.787808	2	0.191855	3	0.283614	4	0.374621	5	0.738861	6	0.192839	7	0.348498	8.0	0.691458
837	1	1	0.876646	2	0.922274	3	0.290571	4	0.102652	5	0.759216	6	0.221307	7	0.515043	8.0	0.517451
838	-1	1	0.818775	2	0.922274	3	0.384048	4	0.425915	5	0.557839	6	0.221307	7	0.515043	8.0	0.517451
839	1	1	0.902596	2	0.882066	3	0.423673	4	0.0905035	5	0.856964	6	0.296206	7	0.466358	8.0	0.5549
840	-1	1	0.762837	2	0.211919	3	0.223678	4	0.374124	5	0.67027	6	0.247871	7	0.471119	8.0	0.55649
841	-1	1	0.810114	2	0.191855	3	0.212851	4	0.416849	5	0.69108	6	0.159685	7	0.388361	8.0	0.691458
842	1	1	0.832982	2	0.171555	3	0.25532	4	0.298475	5	0.656022	6	0.429841	7	0.515043	8.0	0.460992
843	-1	1	0.759513	2	0.171555	3	0.291156	4	0.255531	5	0.752868	6	0.284358	7	0.339176	8.0	0.699283
844	-1	1	0.798357	2	0.191855	3	0.304745	4	0.172442	5	0.814587	6	0.292513	7	0.393605	8.0	0.760495
845	-1	1	0.847055	2	0.895573	3	0.305003	4	0.384919	5	0.633621	6	0.337345	7	0.40318	8.0	0.608479
846	-1	1	0.847649	2	0.784457	3	0.298902	4	0.37957	5	0.636372	6	0.27281	7	0.353483	8.0	0.616054
847	-1	1	0.802936	2	0.211919	3	0.24135	4	0.156037	5	0.913583	6	0.165606	7	0.276782	8.0	0.833649
848	1	1	0.8391	2	0.171555	3	0.219459	4	0.512366	5	0.607547	6	0.12649	7	0.308614	8.0	0.734479
849	1	1	0.518893	2	0.0663361	3	0.570721	4	0.411884	5	0.456225	6	0.743742	7	0.55894	8.0	0.484891
850	-1	1	0.820227	2	0.191855	3	0.141993	4	0.290002	5	0.786611	6	0.225958	7	0.58733	8.0	0.475615
851	-1	1	0.782689	2	0.171555	3	0.291156	4	0.469697	5	0.656022	6	0.159685	7	0.388361	8.0	0.691458
852	1	1	0.882517	2	0.784457	3	0.298902	4	0.37957	5	0.636372	6	0.330672	7	0.280206	8.0	0.72464
853	-1	1	0.876406	2	0.895573	3	0.322496	4	0.271642	5	0.746821	6	0.207037	7	0.188817	8.0	0.808114
854	-1	1	0.872999	2	0.895573	3	0.259839	4	0.222652	5	0.786208	6	0.314176	7	0.319163	8.0	0.729505
855	1	1	0.904374	2	0.854733	3	0.273861	4	0.292925	5	0.689431	6	0.301513	7	0.359892	8.0	0.654544
856	-1	1	0.788718	2	0.151015	3	0.262587	4	0.35063	5	0.767254	6	0.0811229	7	0.323707	8.0	0.690294
857	-1	1	0.730262	2	0.171555	3	0.318546	4	0.336323	5	0.627513	6	0.375613	7	0.0874905	8.0	0.774586
858	1	1	0.93598	2	0.908975	3	0.367235	4	0.325287	5	0.595425	6	0.342944	7	0.296974	8.0	0.616054
859	-1	1	0.767149	2	0.151015	3	0.354287	4	0.290002	5	0.595425	6	0.233561	7	0.323707	8.0	0.789055
860	-1	1	0.705247	2	0.191855	3	0.424868	4	0.416849	5	0.499646	6	0.320797	7	0.427166	8.0	0.651746
861	-1	1	0.836877	2	0.191855	3	0.181098	4	0.357619	5	0.689431	6	0.107255	7	0.215106	8.0	0.808519
862	-1	1	0.825193	2	0.171555	3	0.790417	4	0.469697	5	0.364708	6	0.263444	7	0.0421098	8.0	0.871815
863	-1	1	0.7069	2	0.151015	3	0.248242	4	0.290002	5	0.69108	6	0.648638	7	0.689277	8.0	0.292635
864	-1	1	0.808551	2	0.908975	3	0.322496	4	0.271642	5	0.746821	6	0.342944	7	0.296974	8.0	0.616054
865	-1	1	0.785968	2	0.171555	3	0.223678	4	0.449601	5	0.541917	6	0.225958	7	0.4043	8.0	0.579374
866	-1	1	0.759513	2	0.171555	3	0.291156	4	0.640034	5	0.510509	6	0.188422	7	0.449439	8.0	0.677109
867	-1	1	0.824844	2	0.191855	3	0.212851	4	0.374621	5	0.643268	6	0.2078	7	0.137224	8.0	0.80284
868	-1	1	0.824494	2	0.868454	3	0.46279	4	0.411884	5	0.511325	6	0.168189	7	0.373032	8.0	0.7646
869	-1	1	0.860096	2	0.882066	3	0.400952	4	0.41828	5	0.549174	6	0.325082	7	0.274407	8.0	0.716048
870	-1	1	0.770814	2	0.191855	3	0.424868	4	0.374621	5	0.595425	6	0.138133	7	0.295139	8.0	0.699283
871	-1	1	0.801288	2	0.868454	3	0.383857	4	0.397366	5	0.432035	6	0.348631	7	0.359892	8.0	0.623756
872	1	1	0.902993	2	0.868454	3	0.200138	4	0.397366	5	0.742941	6	0.277922	7	0.188817	8.0	0.838752
873	-1	1	0.832652	2	0.908975	3	0.344869	4	0.083182	5	0.716565	6	0.412907	7	0.381718	8.0	0.646592
874	1	1	0.86251	2	0.171555	3	0.25532	4	0.212527	5	0.801248	6	0.218552	7	0.393605	8.0	0.664263
875	-1	1	0.821664	2	0.191855	3	0.212851	4	0.290002	5	0.786611	6	0.350724	7	0.794526	8.0	0.309291
876	-1	1	0.835914	2	0.364596	3	0.19202	4	0.524902	5	0.584727	6	0.159685	7	0.507811	8.0	0.60527
877	-1	1	0.898152	2	0.961572	3	0.0859277	4	0.690689	5	0.536737	6	0.139612	8	0.969181		
878	-1	1	0.861977	2	0.400756	3	0.304745	4	0.172442	5	0.814587	6	0.358418	7	0.31444	8.0	0.646936
879	-1	1	0.89228	2	0.908975	3	0.25532	4	0.325287	5	0.656022	6	0.249392	7	0.325236	8.0	0.677109
880	1	1	0.897328	2	0.922274	3	0.428366	4	0.425915	5	0.58791	6	0.406746	7	0.40318	8.0	0.608479
881	1	1	0.862243	2	0.231755	3	0.217791	4	0.178487	5	0.82767	6	0.312392	7	0.242597	8.0	0.733376
882	1	1	0.893135	2	0.895573	3	0.440278	4	0.411884	5	0.511325	6	0.41917	7	0.388361	8.0	0.531236
883	-1	1	0.859825	2	0.895573	3	0.259839	4	0.303886	5	0.755717	6	0.254314	7	0.302913	8.0	0.716048
884	-1	1	0.866182	2	0.882066	3	0.287209	4	0.309385	5	0.734004	6	0.296206	7	0.353483	8.0	0.646592
885	-1	1	0.721681	2	0.109192	3	0.575524	4	0.68071	5	0.443717	6	0.168189	7	0.329582	8.0	0.780204
886	-1	1	0.83199	2	0.171555	3	0.177434	4	0.162666	5	0.738861	6	0.783189	7	0.449439	8.0	0.383143
887	-1	1	0.829649	2	0.882066	3	0.350132	4	0.411884	5	0.603067	6	0.306908	7	0.251447	8.0	0.755608
888	1	1	0.842214	2	0.868454	3	0.42969	4	0.424783	5	0.494321	6	0.221307	7	0.515043	8.0	0.517451
889	-1	1	0.892066	2	0.882066	3	0.322496	4	0.485704	5	0.534779	6	0.211648	7	0.222679	8.0	0.817465
890	-1	1	0.6367	2	0.109192	3	0.276266	4	0.365291	5	0.583614	6	0.790853	7	0.85997	8.0	0.154963
891	-1	1	0.642058	2	0.109192	3	0.354287	4	0.459023	5	0.595425	6	0.790853	7	0.85997	8.0	0.154963
892	1	1	0.910702	2	0.908975	3	0.373231	4	0.569514	5	0.514059	6	0.225958	7	0.296974	8.0	0.738061
893	-1	1	0.829986	2	0.211919	3	0.276266	4	0.365291	5	0.583614	6	0.366283	7	0.180126	8.0	0.655884
894	-1	1	0.715649	2	0.171555	3	0.31116	4	0.365291	5	0.72521	6	0.375613	7	0.0874905	8.0	0.774586
895	1	1	0.850578	2	0.191855	3	0.276266	4	0.365291	5	0.583614	6	0.255556	7	0.393605	8.0	0.567783
896	-1	1	0.66048	2	0.211919	3	0.38088	4	0.406982	5	0.678042	6	0.429841	7	0.515043	8.0	0.460992
897	-1	1	0.797934	2	0.908975	3	0.0859277	4	0.690689	5	0.536737	6	0.366283	7	0.353483	8.0	0.616054
898	-1	1	0.879964	2	0.908975	3	0.202733	4	0.114025	5	0.91606	6	0.225958	7	0.296974	8.0	0.677109
899	1	1	0.843135	2	0.211919	3	0.276266	4	0.156037	5	0.819457	6	0.219413	7	0.418475	8.0	0.637363
900	-1	1	0.832982	2	0.895573	3	0.327574	4	0.384919	5	0.633621	6	0.436189	7	0.325236	8.0	0.585491
901	-1	1	0.867726	2	0.908975	3	0.322496	4	0.352079	5	0.686299	6	0.139612	8	0.969181		
902	-1	1	0.794059	2	0.895573	3	0.485292	4	0.330918	5	0.603067	6	0.412907	7	0.381718	8.0	0.646592
903	-1	1	0.863832	2	0.922274	3	0.0661651	4	0.708696	5	0.519033	6	0.221307	7	0.291136	8.0	0.729505
904	1	1	0.819503	2	0.191855	3	0.177434	4	0.459023	5	0.738861	6	0.213019	7	0.370037	8.0	0.584434
905	-1	1	0.849121	2	0.908975	3	0.300114	4	0.325287	5	0.686299	6	0.221493	7	0.155502	8.0	0.862565
906	1	1	0.850867	2	0.171555	3	0.291156	4	0.512366	5	0.607547	6	0.375613	7	0.0874905	8.0	0.774586
907	-1	1	0.802936	2	0.151015	3	0.298902	4	0.35063	5	0.718203	6	0.0599844	7	0.268704	8.0	0.777452
908	1	1	0.825888	2	0.151015	3	0.371463	4	0.567059	5	0.570844	6	0.218552	7	0.259772	8.0	0.71241
909	-1	1	0.725321	2	0.171555	3	0.25532	4	0.341364	5	0.801248	6	0.263444	7	0.449439	8.0	0.677109
910	-1	1	0.782689	2	0.191855	3	0.389589	4	0.501142	5	0.499646	6	0.211339	7	0.515043	8.0	0.460992
911	1	1	0.88881	2	0.895573	3	0.350132	4	0.384919	5	0.603067	6	0.27281	7	0.381718	8.0	0.707597
912	1	1	0.937378	2	0.882066	3	0.242203	4	0.151601	5	0.780012	6	0.235494	7	0.30895	8.0	0.693646
913	1	1	0.920645	2	0.908975	3	0.250875	4	0.53174	5	0.497665	6	0.319583	7	0.381718	8.0	0.616054
914	-1	1	0.682728	2	0.211919	3	0.415706	4	0.323547	5	0.72521	6	0.33445	7	0.78347	8.0	0.365251
915	1	1	0.897535	2	0.895573	3	0.45051	4	0.399407	5	0.557839	6	0.207037	7	0.188817	8.0	0.808114
916	-1	1	0.831325	2	0.882066	3	0.350132	4	0.195527	5	0.72521	6	0.259316	7	0.337685	8.0	0.693646
917	-1	1	0.77933	2	0.191855	3	0.223678	4	0.374124	5	0.67027	6	0.366283	7	0.349023	8.0	0.567783
918	1	1	0.895457	2	0.68103	3	0.202733	4	0.114025	5	0.91606	6	0.634227	7	0.275229	8.0	0.580787
919	-1	1	0.789171	2	0.191855	3	0.141993	4	0.374621	5	0.738861	6	0.159685	7	0.507811	8.0	0.60527
920	-1	1	0.810114	2	0.908975	3	0.45051	4	0.399407	5	0.557839	6	0.342944	7	0.296974	8.0	0.616054
921	-1	1	0.798357	2	0.191855	3	0.283614	4	0.332339	5	0.69108	6	0.225958	7	0.381718	8.0	0.636418
922	-1	1	0.834943	2	0.840904	3	0.348761	4	0.382337	5	0.603332	6	0.306908	7	0.30895	8.0	0.66263
923	1	1	0.835914	2	0.191855	3	0.354287	4	0.374621	5	0.547551	6	0.138133	7	0.295139	8.0	0.699283
924	-1	1	0.862775	2	0.895573	3	0.327574	4	0.222652	5	0.755717	6	0.225958	7	0.268704	8.0	0.738061
925	-1	1	0.829986	2	0.364596	3	0.223678	4	0.449601	5	0.541917	6	0.192839	7	0.428202	8.0	0.5621
926	1	1	0.825541	2	0.191855	3	0.248242	4	0.332339	5	0.643268	6	0.192839	7	0.46802	8.0	0.518881
927	-1	1	0.836877	2	0.895573	3	0.305003	4	0.384919	5	0.633621	6	0.412907	7	0.381718	8.0	0.646592
928	-1	1	0.745971	2	0.151015	3	0.298902	4	0.35063	5	0.718203	6	0.49326	7	0.361186	8.0	0.574368
929	-1	1	0.406213	2	0.109192	3	0.871707	4	0.813009	5	0.0885151	6	0.238742	7	0.206979	8.0	0.699283
930	1	1	0.863832	2	0.211919	3	0.136467	4	0.197994	5	0.866535	6	0.270681	7	0.245564	8.0	0.865194
931	-1	1	0.839414	2	0.191855	3	0.177434	4	0.247614	5	0.834326	6	0.213019	7	0.370037	8.0	0.584434
932	1	1	0.908435	2	0.882066	3	0.356603	4	0.0495271	5	0.759216	6	0.259316	7	0.280206	8.0	0.755608
933	-1	1	0.787808	2	0.151015	3	0.117076	4	0.394031	5	0.816277	6	0.188422	7	0.223446	8.0	0.774586
934	-1	1	0.840666	2	0.908975	3	0.300114	4	0.217906	5	0.625728	6	0.27281	7	0.353483	8.0	0.646592
935	-1	1	0.814324	2	0.908975	3	0.400579	4	0.367	5	0.550692	6	0.225958	7	0.296974	8.0	0.768503
936	1	1	0.896707	2	0.854733	3	0.273861	4	0.292925	5	0.689431	6	0.425535	7	0.280206	8.0	0.693646
937	1	1	0.353859	3	0.718843	4	0.470972	5	0.445984	6	0.0811229	7	0.323707	8	0.690294		
938	1	1	0.847352	2	0.171555	3	0.248242	4	0.332339	5	0.643268	6	0.338273	7	0.0421098	8.0	0.823234
939	-1	1	0.854295	2	0.868454	3	0.0954423	4	0.633729	5	0.538572	6	0.3603	7	0.401984	8.0	0.419698
940	-1	1	0.82344	2	0.171555	3	0.141993	4	0.290002	5	0.738861	6	0.263444	7	0.0421098	8.0	0.871815
941	-1	1	0.84824	2	0.171555	3	0.0397957	4	0.512366	5	0.704461	7	0.494551	8	0.725879		
942	1	1	0.930732	2	0.908975	3	0.300114	4	0.352079	5	0.656022	6	0.342944	7	0.296974	8.0	0.616054
943	-1	1	0.823792	2	0.895573	3	0.282426	4	0.330918	5	0.694694	6	0.436189	7	0.409946	8.0	0.524287
944	1	1	0.813947	2	0.211919	3	0.325691	4	0.420868	5	0.595425	6	0.429841	7	0.515043	8.0	0.508771
945	1	1	0.713317	3	0.718843	4	0.470972	5	0.445984	6	0.168189	7	0.199062	8	0.920333		
946	-1	1	0.733685	2	0.151015	3	0.262587	4	0.610172	5	0.619998	6	0.403097	7	0.438158	8.0	0.567783
947	-1	1	0.869759	2	0.784457	3	0.298902	4	0.37957	5	0.636372	6	0.301513	7	0.274407	8.0	0.716048
948	-1	1	0.797934	2	0.908975	3	0.322496	4	0.325287	5	0.80729	6	0.436189	7	0.325236	8.0	0.585491
949	1	1	0.904177	2	0.854733	3	0.273861	4	0.320668	5	0.658108	6	0.306908	7	0.251447	8.0	0.755608
950	-1	1	0.808551	2	0.400756	3	0.273861	4	0.283672	5	0.689431	6	0.309913	7	0.253099	8.0	0.668693
951	-1	1	0.792743	2	0.191855	3	0.389589	4	0.332339	5	0.595425	6	0.219413	7	0.418475	8.0	0.637363
952	-1	1	0.829311	2	0.191855	3	0.071043	4	0.374621	5	0.786611	6	0.292078	7	0.22877	8.0	0.863246
953	-1	1	0.847352	2	0.854733	3	0.227498	4	0.376079	5	0.689431	6	0.230687	7	0.245887	8.0	0.777452
954	-1	1	0.86462	2	0.868454	3	0.292075	4	0.177201	5	0.77396	6	0.319583	7	0.325236	8.0	0.616054
955	1	1	0.909005	2	0.908975	3	0.317501	4	0.0796113	5	0.768067	6	0.225958	7	0.381718	8.0	0.677109
956	1	1	0.914584	2	0.882066	3	0.282426	4	0.330918	5	0.694694	6	0.211648	7	0.251447	8.0	0.786548
957	1	1	0.895457	2	0.882066	3	0.339693	4	0.0796113	5	0.708064	6	0.259316	7	0.337685	8.0	0.693646
958	1	1	0.837197	2	0.191855	3	0.223678	4	0.374124	5	0.67027	6	0.218552	7	0.259772	8.0	0.856478
959	-1	1	0.802115	2	0.171555	3	0.276266	4	0.239898	5	0.772349	6	0.225958	7	0.223446	8.0	0.774586
960	-1	1	0.578003	2	0.0878964	3	0.700347	4	0.784484	5	0.300271	6	0.12649	7	0.348498	8.0	0.691458
961	-1	1	0.857915	2	0.882066	3	0.485292	4	0.438827	5	0.419468	6	0.211648	7	0.251447	8.0	0.786548
962	-1	1	0.695788	2	0.211919	3	0.318546	4	0.336323	5	0.627513	6	0.357191	7	0.383185	8.0	0.699283
963	-1	1	0.840042	2	0.908975	3	0.344869	4	0.405593	5	0.656022	6	0.225958	7	0.381718	8.0	0.677109
964	-1	1	0.863305	2	0.922274	3	0.356603	4	0.0495271	5	0.759216	6	0.360498	7	0.40318	8.0	0.578159
965	1	1	0.916034	2	0.908975	3	0.273094	4	0.133127	5	0.768067	6	0.319583	7	0.381718	8.0	0.677109
966	-1	1	0.819866	2	0.895573	3	0.434273	4	0.325287	5	0.534779	6	0.372165	7	0.41682	8.0	0.592939
967	-1	1	0.680758	2	0.109192	3	0.183572	4	0.469697	5	0.849591	6	0.443947	7	0.532119	8.0	0.666939
968	-1	1	0.826579	2	0.895573	3	0.344869	4	0.352079	5	0.656022	6	0.348631	7	0.359892	8.0	0.623756
969	1	1	0.881363	2	0.171555	3	0.219459	4	0.341364	5	0.704461	6	0.174759	7	0.129747	8.0	0.865194
970	-1	1	0.762289	2	0.171555	3	0.219459	4	0.512366	5	0.607547	6	0.244301	7	0.327691	8.0	0.655884
971	-1	1	0.724601	2	0.191855	3	0.248242	4	0.332339	5	0.738861	6	0.329422	7	0.438158	8.0	0.567783
972	1	1	0.872999	2	0.211919	3	0.206411	4	0.57322	5	0.583614	6	0.174759	7	0.55894	8.0	0.604148
973	1	1	0.862775	2	0.908975	3	0.478917	4	0.405593	5	0.625728	6	0.459453	7	0.381718	8.0	0.646592
974	-1	1	0.767678	2	0.211919	3	0.382055	4	0.341846	5	0.62607	6	0.138133	7	0.339176	8.0	0.746761
975	-1	1	0.824844	2	0.895573	3	0.367235	4	0.405593	5	0.686299	6	0.277922	7	0.16026	8.0	0.777452
976	-1	1	0.78643	2	0.191855	3	0.177434	4	0.374621	5	0.69108	6	0.357191	7	0.383185	8.0	0.651746
977	-1	1	0.769255	2	0.191855	3	0.206411	4	0.114025	5	0.960601	6	0.255556	7	0.393605	8.0	0.567783
978	-1	1	0.841287	2	0.826964	3	0.269106	4	0.149577	5	0.804965	6	0.329422	7	0.363887	8.0	0.63213
979	1	1	0.828293	2	0.211919	3	0.415706	4	0.490206	5	0.489065	6	0.138133	7	0.295139	8.0	0.699283
980	-1	1	0.794495	2	0.171555	3	0.141993	4	0.162666	5	0.882014	6	0.375613	7	0.0874905	8.0	0.774586
981	1	1	0.864358	2	0.784457	3	0.298902	4	0.37957	5	0.636372	6	0.30362	7	0.0863814	8.0	0.801884
982	-1	1	0.791859	2	0.171555	3	0.219459	4	0.469697	5	0.656022	6	0.218552	7	0.259772	8.0	0.71241
983	1	1	0.833311	2	0.191855	3	0.354287	4	0.374621	5	0.547551	6	0.329422	7	0.349023	8.0	0.567783
984	1	1	0.951604	2	0.908975	3	0.27772	4	0.271642	5	0.746821	6	0.249392	7	0.240422	8.0	0.768503
985	-1	1	0.823087	2	0.868454	3	0.223137	4	0.369926	5	0.742941	6	0.319583	7	0.381718	8.0	0.616054
986	-1	1	0.785504	2	0.151015	3	0.262587	4	0.394031	5	0.767254	6	0.218552	7	0.215106	8.0	0.71241
987	-1	1	0.84824	2	0.908975	3	0.0661651	4	0.708696	5	0.519033	6	0.342944	7	0.353483	8.0	0.707597
988	-1	1	0.788264	2	0.211919	3	0.206411	4	0.156037	5	0.866535	6	0.259038	7	0.428202	8.0	0.5621
989	1	1	0.926952	2	0.895573	3	0.300114	4	0.405593	5	0.625728	6	0.207037	7	0.16026	8.0	0.838752
990	1	1	0.859282	2	0.191855	3	0.318962	4	0.290002	5	0.738861	6	0.366283	7	0.349023	8.0	0.616054
991	-1	1	0.737026	2	0.151015	3	0.732821	4	0.567059	5	0.275244	6	0.0811229	7	0.323707	8.0	0.690294
992	-1	1	0.865142	2	0.840904	3	0.300114	4	0.217906	5	0.625728	6	0.323649	7	0.357167	8.0	0.624023
993	-1	1	0.826234	2	0.868454	3	0.400579	4	0.367	5	0.550692	6	0.312392	7	0.430924	8.0	0.514076
994	1	1	0.814701	2	0.0663361	3	0.599914	4	0.57322	5	0.465411	6	0.375613	7	0.0874905	8.0	0.774586
995	1	1	0.899175	2	0.854733	3	0.366462	4	0.348384	5	0.658108	6	0.202504	7	0.268704	8.0	0.768503
996	-1	1	0.788264	2	0.191855	3	0.333011	4	0.313983	5	0.562552	6	0.218552	7	0.259772	8.0	0.760495
997	-1	1	0.858737	2	0.882066	3	0.356603	4	0.0495271	5	0.759216	6	0.259316	7	0.337685	8.0	0.693646
998	-1	1	0.860905	2	0.882066	3	0.309978	4	0.282103	5	0.70323	6	0.187786	7	0.193895	8.0	0.848354
999	-1	1	0.741571	2	0.151015	3	0.298902	4	0.35063	5	0.718203	6	0.159685	7	0.388361	8.0	0.691458
1000	1	1	0.864358	2	0.171555	3	0.219459	4	0.212527	5	0.752868	6	0.292513	7	0.393605	8.0	0.567783
